0.08,0.082,0.084,0.086,0.088,0.09
"[0, 0, 0, 32, 4, 4, 4, 4, 4, 3, 5, 3, 4, 4, 5, 4, 4, 4, 4]",,,,,
"[0, 0, 0, 0, 0, 0, 0, 0, 0, 0, 0, 0, 0, 0, 0, 0, 0, 0, 0]",,,,,
"[0, 0, 0, 0, 0, 0, 0, 0, 0, 0, 0, 0, 0, 0, 0, 0, 0, 0, 0]",,,,,
"[0, 0, 0, 0, 0, 0, 0, 0, 0, 0, 0, 0, 0, 0, 0, 0, 0, 0, 0]",,,,,
"[0, 0, 0, 0, 0, 0, 0, 0, 0, 0, 0, 0, 0, 0, 0, 0, 0, 0, 0]",,,,,
"[0, 0, 0, 0, 0, 32, 4, 4, 4, 4, 4, 4, 4, 4, 4, 4, 4, 4, 4]",,,,,
"[0, 0, 0, 0, 0, 31, 2, 2, 2, 2, 2, 1, 2, 2, 2, 2, 2, 2, 2]",,,,,
"[0, 0, 0, 31, 2, 1, 3, 2, 2, 1, 2, 1, 2, 2, 2, 3, 2, 1, 2]",,,,,
"[0, 0, 0, 31, 2, 1, 3, 2, 2, 1, 2, 1, 2, 2, 3, 2, 2, 1, 3]",,,,,
"[0, 0, 0, 0, 0, 0, 0, 0, 0, 0, 0, 0, 0, 0, 0, 0, 0, 0, 0]",,,,,
"[0, 0, 0, 0, 0, 0, 0, 0, 0, 0, 0, 0, 0, 0, 0, 0, 0, 0, 0]",,,,,
"[0, 0, 0, 29, 4, 1, 3, 2, 2, 1, 2, 1, 2, 2, 3, 2, 2, 1, 3]",,,,,
"[0, 0, 0, 0, 0, 0, 0, 0, 0, 32, 4, 4, 4, 4, 4, 4, 4, 4, 4]",,,,,
"[0, 0, 0, 0, 0, 0, 0, 0, 0, 0, 0, 0, 0, 0, 0, 0, 0, 0, 0]",,,,,
"[0, 0, 0, 31, 2, 1, 2, 3, 2, 1, 2, 1, 2, 2, 3, 2, 2, 1, 2]",,,,,
"[0, 0, 0, 31, 2, 1, 2, 3, 2, 1, 2, 1, 2, 2, 2, 3, 2, 1, 2]",,,,,
"[0, 0, 0, 0, 0, 0, 0, 0, 0, 32, 8, 8, 8, 8, 9, 10, 8, 8, 8]",,,,,
"[0, 0, 0, 33, 6, 6, 6, 6, 6, 6, 6, 6, 6, 7, 6, 6, 6, 7, 6]",,,,,
"[0, 0, 0, 0, 0, 0, 0, 0, 0, 0, 0, 0, 0, 0, 0, 0, 0, 0, 0]",,,,,
"[0, 0, 0, 0, 0, 0, 0, 0, 0, 0, 0, 0, 0, 0, 0, 0, 0, 0, 0]",,,,,
"[0, 0, 0, 0, 0, 0, 0, 0, 0, 0, 0, 0, 0, 0, 0, 0, 0, 0, 0]",,,,,
"[0, 0, 0, 0, 0, 0, 0, 0, 0, 0, 0, 0, 0, 0, 0, 0, 0, 0, 0]",,,,,
"[0, 0, 0, 31, 2, 2, 2, 2, 2, 1, 2, 1, 2, 2, 3, 2, 2, 1, 2]",,,,,
"[0, 0, 0, 0, 0, 0, 0, 0, 0, 0, 0, 0, 0, 0, 0, 0, 0, 0, 0]",,,,,
"[0, 0, 0, 9, 24, 2, 2, 2, 2, 1, 2, 1, 2, 3, 2, 2, 2, 1, 3]",,,,,
"[0, 0, 0, 32, 4, 4, 4, 4, 4, 4, 4, 4, 4, 4, 4, 4, 4, 5, 4]",,,,,
"[0, 0, 0, 31, 2, 2, 2, 2, 2, 1, 2, 1, 2, 3, 2, 2, 2, 2, 2]",,,,,
"[0, 0, 0, 0, 0, 0, 0, 0, 0, 0, 0, 32, 4, 4, 4, 5, 4, 4, 4]",,,,,
"[0, 0, 0, 0, 0, 0, 0, 0, 0, 0, 0, 0, 0, 0, 0, 0, 0, 0, 0]",,,,,
"[0, 0, 0, 0, 0, 31, 2, 2, 2, 1, 3, 1, 2, 2, 2, 2, 2, 2, 2]",,,,,
"[0, 0, 0, 0, 0, 0, 0, 0, 0, 0, 0, 0, 0, 0, 0, 0, 0, 0, 0]",,,,,
"[0, 0, 0, 0, 0, 0, 0, 0, 0, 0, 0, 0, 0, 0, 0, 0, 0, 0, 0]",,,,,
"[0, 0, 0, 31, 2, 1, 3, 2, 2, 1, 2, 1, 2, 3, 2, 2, 2, 2, 2]",,,,,
"[0, 0, 0, 31, 2, 1, 3, 2, 2, 1, 2, 1, 2, 2, 3, 2, 2, 2, 2]",,,,,
"[0, 0, 0, 31, 2, 2, 2, 2, 2, 1, 2, 1, 2, 3, 2, 2, 2, 2, 2]",,,,,
"[0, 0, 0, 0, 0, 31, 2, 2, 2, 1, 3, 1, 2, 2, 2, 2, 2, 2, 2]",,,,,
"[0, 0, 0, 29, 3, 2, 2, 2, 2, 2, 2, 1, 2, 2, 2, 2, 2, 2, 2]",,,,,
"[0, 0, 0, 0, 0, 0, 0, 0, 0, 0, 0, 0, 0, 0, 0, 0, 0, 0, 0]",,,,,
"[0, 0, 0, 0, 0, 0, 0, 0, 0, 0, 0, 0, 0, 0, 0, 0, 0, 0, 0]",,,,,
"[0, 0, 0, 0, 0, 0, 0, 0, 0, 0, 0, 0, 0, 0, 0, 0, 0, 0, 0]",,,,,
"[0, 0, 0, 0, 0, 0, 0, 0, 0, 0, 0, 0, 0, 0, 0, 0, 0, 0, 0]",,,,,
"[0, 0, 0, 31, 2, 1, 2, 3, 2, 1, 2, 1, 2, 2, 3, 2, 2, 1, 3]",,,,,
"[0, 0, 0, 0, 0, 0, 0, 0, 0, 0, 0, 0, 0, 0, 0, 0, 0, 0, 0]",,,,,
"[0, 0, 0, 0, 0, 0, 0, 0, 0, 0, 0, 0, 0, 0, 0, 0, 0, 0, 0]",,,,,
"[0, 0, 0, 33, 6, 6, 6, 6, 6, 6, 7, 6, 6, 6, 6, 6, 6, 7, 6]",,,,,
"[0, 0, 0, 0, 0, 0, 0, 0, 0, 0, 0, 0, 0, 0, 0, 0, 0, 0, 0]",,,,,
"[0, 0, 0, 32, 4, 3, 5, 4, 4, 3, 5, 3, 4, 4, 5, 4, 4, 4, 4]",,,,,
"[0, 0, 0, 0, 0, 0, 0, 0, 0, 0, 0, 0, 0, 0, 0, 0, 0, 0, 0]",,,,,
"[0, 0, 0, 31, 2, 2, 2, 2, 2, 1, 2, 1, 2, 3, 2, 2, 2, 2, 2]",,,,,
"[0, 0, 0, 32, 4, 3, 5, 4, 4, 4, 4, 3, 4, 5, 4, 4, 4, 4, 4]",,,,,
,"[0, 0, 0, 0, 0, 31, 8, 6, 6, 6, 5, 7, 6, 6, 6, 6, 6, 6, 7]",,,,
,"[0, 0, 0, 0, 0, 0, 0, 0, 0, 0, 0, 0, 0, 0, 0, 0, 0, 0, 0]",,,,
,"[0, 0, 0, 31, 2, 1, 3, 2, 2, 1, 2, 1, 2, 3, 2, 2, 2, 2, 2]",,,,
,"[0, 0, 0, 0, 0, 0, 0, 0, 0, 0, 0, 0, 0, 0, 0, 0, 0, 0, 0]",,,,
,"[0, 0, 0, 0, 0, 31, 2, 2, 2, 1, 3, 1, 2, 2, 2, 2, 2, 2, 2]",,,,
,"[0, 0, 0, 0, 0, 0, 0, 0, 0, 0, 0, 0, 0, 0, 0, 0, 0, 0, 0]",,,,
,"[0, 0, 0, 31, 2, 1, 3, 2, 2, 1, 2, 1, 2, 2, 3, 2, 2, 2, 2]",,,,
,"[0, 0, 0, 0, 0, 0, 0, 0, 0, 0, 0, 0, 0, 0, 0, 0, 0, 0, 0]",,,,
,"[0, 0, 0, 31, 2, 2, 2, 2, 2, 1, 2, 1, 2, 3, 2, 2, 2, 2, 2]",,,,
,"[0, 0, 0, 0, 0, 0, 0, 0, 0, 32, 4, 4, 4, 4, 4, 4, 4, 4, 5]",,,,
,"[0, 0, 0, 0, 0, 0, 0, 0, 0, 0, 0, 0, 0, 0, 0, 0, 0, 0, 0]",,,,
,"[0, 0, 0, 1, 30, 2, 2, 2, 2, 1, 2, 2, 2, 2, 2, 2, 2, 2, 2]",,,,
,"[0, 0, 0, 0, 0, 0, 0, 0, 0, 0, 0, 0, 0, 0, 0, 0, 0, 0, 0]",,,,
,"[0, 0, 0, 0, 0, 0, 0, 0, 0, 0, 0, 32, 4, 4, 6, 4, 4, 3, 4]",,,,
,"[0, 0, 0, 0, 0, 0, 0, 0, 0, 0, 0, 0, 0, 0, 0, 0, 0, 0, 0]",,,,
,"[0, 0, 0, 0, 0, 0, 0, 0, 0, 0, 0, 0, 0, 0, 0, 0, 0, 0, 0]",,,,
,"[0, 0, 0, 0, 0, 0, 0, 0, 0, 0, 0, 0, 0, 0, 0, 0, 0, 0, 0]",,,,
,"[0, 0, 0, 0, 0, 0, 0, 0, 0, 0, 0, 0, 0, 0, 0, 0, 0, 0, 0]",,,,
,"[0, 0, 0, 0, 0, 0, 0, 0, 0, 0, 0, 0, 0, 0, 0, 0, 0, 0, 0]",,,,
,"[0, 0, 0, 0, 0, 0, 0, 0, 0, 0, 0, 0, 0, 0, 0, 0, 0, 0, 0]",,,,
,"[0, 0, 0, 0, 0, 31, 2, 2, 2, 2, 2, 1, 2, 2, 2, 2, 2, 2, 2]",,,,
,"[0, 0, 0, 31, 4, 4, 4, 4, 4, 4, 4, 4, 4, 4, 4, 4, 4, 4, 4]",,,,
,"[0, 0, 0, 0, 0, 0, 0, 0, 0, 13, 19, 2, 2, 2, 2, 2, 2, 2, 2]",,,,
,"[0, 0, 0, 32, 4, 4, 4, 4, 4, 4, 4, 4, 4, 4, 4, 4, 4, 5, 4]",,,,
,"[0, 0, 0, 31, 2, 2, 2, 2, 2, 1, 2, 1, 2, 2, 3, 2, 2, 1, 2]",,,,
,"[0, 0, 0, 0, 0, 0, 0, 0, 0, 0, 0, 0, 0, 0, 0, 0, 0, 0, 0]",,,,
,"[0, 0, 0, 0, 0, 0, 0, 0, 0, 0, 0, 0, 0, 0, 0, 0, 0, 0, 0]",,,,
,"[0, 0, 0, 0, 0, 32, 4, 4, 4, 4, 4, 4, 4, 4, 4, 4, 4, 4, 4]",,,,
,"[0, 0, 0, 32, 4, 4, 4, 4, 4, 4, 4, 4, 4, 4, 4, 4, 4, 4, 4]",,,,
,"[0, 0, 0, 0, 0, 0, 0, 0, 0, 0, 0, 0, 0, 0, 0, 0, 0, 0, 0]",,,,
,"[0, 0, 0, 0, 0, 32, 4, 4, 4, 3, 5, 3, 4, 4, 5, 4, 4, 4, 4]",,,,
,"[0, 0, 0, 32, 4, 4, 4, 4, 4, 4, 4, 4, 4, 4, 4, 4, 4, 5, 4]",,,,
,"[0, 0, 0, 0, 0, 0, 0, 0, 0, 0, 0, 0, 0, 0, 0, 0, 0, 0, 0]",,,,
,"[0, 0, 0, 31, 4, 4, 4, 4, 4, 4, 4, 4, 4, 4, 4, 4, 4, 5, 4]",,,,
,"[0, 0, 0, 0, 0, 0, 0, 0, 0, 0, 0, 0, 0, 0, 0, 0, 0, 0, 0]",,,,
,"[0, 0, 0, 31, 2, 1, 2, 3, 2, 1, 2, 1, 2, 2, 2, 3, 2, 1, 2]",,,,
,"[0, 0, 0, 0, 0, 0, 0, 0, 0, 0, 0, 0, 0, 0, 0, 0, 0, 0, 0]",,,,
,"[0, 0, 0, 0, 0, 0, 0, 0, 0, 0, 0, 0, 0, 0, 0, 0, 0, 0, 0]",,,,
,"[0, 0, 0, 0, 0, 0, 0, 0, 0, 0, 0, 0, 0, 0, 0, 0, 0, 0, 0]",,,,
,"[0, 0, 0, 0, 0, 0, 0, 0, 0, 0, 0, 0, 0, 0, 0, 0, 0, 0, 0]",,,,
,"[0, 0, 0, 31, 2, 2, 2, 2, 2, 1, 2, 1, 2, 3, 2, 2, 2, 2, 2]",,,,
,"[0, 0, 0, 32, 4, 4, 4, 4, 4, 4, 4, 4, 4, 4, 4, 4, 4, 4, 5]",,,,
,"[0, 0, 0, 31, 2, 2, 2, 2, 2, 1, 2, 1, 2, 2, 3, 2, 2, 1, 2]",,,,
,"[0, 0, 0, 0, 0, 0, 0, 0, 0, 0, 0, 0, 0, 0, 0, 0, 0, 0, 0]",,,,
,"[0, 0, 0, 32, 4, 4, 4, 4, 4, 3, 5, 3, 4, 4, 5, 4, 4, 4, 4]",,,,
,"[0, 0, 0, 31, 2, 1, 2, 3, 2, 1, 2, 1, 2, 2, 3, 2, 2, 1, 2]",,,,
,"[0, 0, 0, 33, 8, 8, 8, 8, 8, 8, 10, 8, 8, 8, 8, 8, 8, 9, 10]",,,,
,"[0, 0, 0, 0, 0, 0, 0, 0, 0, 0, 0, 0, 0, 0, 0, 0, 0, 0, 0]",,,,
,"[0, 0, 0, 0, 0, 34, 7, 6, 6, 6, 6, 6, 6, 6, 7, 6, 6, 6, 7]",,,,
,"[0, 0, 0, 32, 4, 4, 4, 4, 4, 4, 4, 3, 4, 5, 4, 4, 4, 4, 4]",,,,
,,"[0, 0, 0, 31, 2, 2, 2, 2, 2, 1, 2, 1, 2, 2, 3, 2, 2, 2, 2]",,,
,,"[0, 0, 0, 0, 0, 0, 0, 0, 0, 0, 0, 0, 0, 0, 0, 0, 0, 0, 0]",,,
,,"[0, 0, 0, 31, 2, 2, 2, 2, 2, 1, 2, 1, 2, 2, 3, 2, 2, 1, 2]",,,
,,"[0, 0, 0, 0, 0, 31, 2, 2, 2, 1, 2, 2, 2, 2, 2, 2, 2, 2, 2]",,,
,,"[0, 0, 0, 0, 0, 0, 0, 0, 0, 0, 0, 0, 0, 0, 0, 0, 0, 0, 0]",,,
,,"[0, 0, 0, 0, 0, 0, 0, 0, 0, 0, 0, 0, 0, 0, 0, 0, 0, 0, 0]",,,
,,"[0, 0, 0, 0, 0, 0, 0, 0, 0, 0, 0, 0, 0, 0, 0, 0, 0, 0, 0]",,,
,,"[0, 0, 0, 0, 0, 0, 0, 0, 0, 0, 0, 0, 0, 0, 0, 0, 0, 0, 0]",,,
,,"[0, 0, 0, 0, 0, 0, 0, 0, 0, 0, 0, 0, 0, 0, 0, 0, 0, 0, 0]",,,
,,"[0, 0, 0, 32, 4, 4, 4, 4, 4, 4, 4, 3, 4, 4, 5, 4, 4, 4, 4]",,,
,,"[0, 0, 0, 0, 0, 0, 0, 0, 0, 0, 0, 0, 0, 0, 0, 0, 0, 0, 0]",,,
,,"[0, 0, 0, 0, 0, 32, 4, 4, 4, 4, 4, 4, 4, 4, 4, 4, 4, 4, 4]",,,
,,"[0, 0, 0, 0, 0, 0, 0, 0, 0, 0, 0, 0, 0, 0, 0, 0, 0, 0, 0]",,,
,,"[0, 0, 0, 32, 4, 4, 4, 4, 4, 4, 4, 4, 4, 4, 4, 4, 4, 4, 4]",,,
,,"[0, 0, 0, 0, 0, 0, 0, 0, 0, 0, 0, 0, 0, 0, 0, 0, 0, 0, 0]",,,
,,"[0, 0, 0, 0, 0, 0, 0, 0, 0, 0, 2, 30, 4, 4, 4, 5, 5, 3, 4]",,,
,,"[0, 0, 0, 0, 0, 0, 0, 0, 0, 0, 0, 0, 0, 0, 0, 0, 0, 0, 0]",,,
,,"[0, 0, 0, 0, 0, 0, 0, 0, 0, 0, 0, 0, 0, 0, 0, 0, 0, 0, 0]",,,
,,"[0, 0, 0, 31, 2, 2, 2, 2, 2, 1, 2, 1, 2, 3, 2, 2, 2, 2, 2]",,,
,,"[0, 0, 0, 0, 0, 0, 0, 0, 0, 0, 0, 0, 0, 0, 0, 0, 0, 0, 0]",,,
,,"[0, 0, 0, 0, 0, 0, 0, 0, 0, 0, 0, 0, 0, 0, 0, 0, 0, 0, 0]",,,
,,"[0, 0, 0, 31, 2, 1, 3, 2, 2, 1, 2, 1, 2, 3, 2, 2, 2, 2, 1]",,,
,,"[0, 0, 0, 32, 4, 4, 4, 4, 4, 4, 4, 4, 4, 4, 4, 4, 4, 4, 4]",,,
,,"[0, 0, 0, 0, 0, 31, 2, 2, 2, 1, 2, 2, 2, 2, 2, 2, 2, 2, 2]",,,
,,"[0, 0, 0, 0, 0, 0, 0, 0, 0, 0, 0, 0, 0, 0, 0, 0, 0, 0, 0]",,,
,,"[0, 0, 0, 31, 4, 4, 4, 4, 4, 4, 4, 4, 4, 4, 4, 4, 4, 4, 4]",,,
,,"[0, 0, 0, 0, 0, 0, 0, 0, 0, 30, 3, 1, 2, 2, 2, 2, 2, 2, 2]",,,
,,"[0, 0, 0, 32, 4, 4, 4, 4, 4, 3, 5, 3, 4, 4, 4, 4, 4, 4, 5]",,,
,,"[0, 0, 0, 0, 0, 0, 0, 0, 0, 0, 0, 0, 0, 0, 0, 0, 0, 0, 0]",,,
,,"[0, 0, 0, 0, 0, 0, 0, 0, 0, 0, 0, 0, 0, 0, 0, 0, 0, 0, 0]",,,
,,"[0, 0, 0, 0, 0, 0, 0, 0, 0, 0, 0, 0, 0, 0, 0, 0, 0, 0, 0]",,,
,,"[0, 0, 0, 32, 4, 4, 4, 4, 4, 4, 4, 4, 4, 4, 4, 4, 4, 4, 5]",,,
,,"[0, 0, 0, 31, 2, 2, 2, 2, 2, 1, 2, 1, 2, 3, 2, 2, 2, 1, 2]",,,
,,"[0, 0, 0, 0, 0, 0, 0, 0, 0, 30, 2, 2, 2, 2, 2, 2, 2, 2, 2]",,,
,,"[0, 0, 0, 0, 0, 0, 0, 0, 0, 0, 0, 0, 0, 0, 0, 0, 0, 0, 0]",,,
,,"[0, 0, 0, 0, 0, 0, 0, 0, 0, 0, 0, 0, 0, 0, 0, 0, 0, 0, 0]",,,
,,"[0, 0, 0, 32, 4, 4, 4, 4, 4, 4, 4, 3, 4, 5, 4, 4, 4, 4, 4]",,,
,,"[0, 0, 0, 0, 0, 32, 7, 6, 6, 5, 7, 6, 6, 6, 6, 6, 6, 6, 8]",,,
,,"[0, 0, 0, 32, 4, 4, 4, 4, 4, 4, 4, 4, 4, 4, 4, 4, 4, 4, 5]",,,
,,"[0, 0, 0, 0, 0, 0, 0, 0, 0, 0, 0, 0, 0, 0, 0, 0, 0, 0, 0]",,,
,,"[0, 0, 0, 0, 0, 0, 0, 0, 0, 0, 0, 0, 0, 0, 0, 0, 0, 0, 0]",,,
,,"[0, 0, 0, 31, 2, 2, 2, 2, 2, 1, 2, 1, 2, 2, 3, 2, 2, 2, 2]",,,
,,"[0, 0, 0, 0, 0, 0, 0, 0, 0, 0, 0, 0, 0, 0, 0, 0, 0, 0, 0]",,,
,,"[0, 0, 0, 31, 2, 2, 2, 2, 2, 1, 2, 1, 2, 3, 2, 2, 2, 2, 2]",,,
,,"[0, 0, 0, 33, 6, 5, 7, 6, 6, 6, 6, 6, 6, 7, 6, 6, 6, 7, 6]",,,
,,"[0, 0, 0, 31, 4, 4, 4, 4, 4, 4, 4, 4, 4, 4, 4, 4, 4, 5, 4]",,,
,,"[0, 0, 0, 0, 0, 0, 0, 0, 0, 0, 0, 0, 0, 0, 0, 0, 0, 0, 0]",,,
,,"[0, 0, 0, 0, 0, 0, 0, 0, 0, 0, 0, 0, 0, 0, 0, 0, 0, 0, 0]",,,
,,"[0, 0, 0, 0, 0, 0, 0, 0, 0, 0, 0, 0, 0, 0, 0, 0, 0, 0, 0]",,,
,,"[0, 0, 0, 0, 0, 0, 0, 0, 0, 0, 0, 27, 5, 2, 3, 2, 2, 1, 3]",,,
,,,"[0, 0, 0, 31, 2, 1, 3, 2, 2, 1, 2, 1, 2, 3, 2, 2, 2, 1, 3]",,
,,,"[0, 0, 0, 32, 4, 4, 4, 4, 4, 4, 4, 3, 4, 4, 5, 4, 4, 4, 4]",,
,,,"[0, 0, 0, 0, 0, 0, 0, 0, 0, 0, 0, 0, 0, 0, 0, 0, 0, 0, 0]",,
,,,"[0, 0, 0, 2, 30, 2, 2, 2, 2, 1, 2, 1, 2, 2, 3, 2, 2, 1, 2]",,
,,,"[0, 0, 0, 31, 2, 1, 3, 2, 2, 1, 2, 1, 2, 2, 3, 2, 2, 1, 2]",,
,,,"[0, 0, 0, 32, 4, 4, 4, 4, 4, 4, 4, 4, 4, 4, 4, 4, 4, 4, 5]",,
,,,"[0, 0, 0, 0, 0, 0, 0, 0, 0, 0, 0, 0, 0, 0, 0, 0, 0, 0, 0]",,
,,,"[0, 0, 0, 32, 4, 4, 4, 4, 4, 4, 4, 3, 4, 5, 4, 4, 4, 4, 4]",,
,,,"[0, 0, 0, 0, 0, 0, 0, 0, 0, 0, 0, 0, 0, 0, 0, 0, 0, 0, 0]",,
,,,"[0, 0, 0, 0, 0, 0, 0, 0, 0, 0, 0, 0, 0, 0, 0, 0, 0, 0, 0]",,
,,,"[0, 0, 0, 0, 0, 0, 0, 0, 0, 30, 3, 1, 2, 2, 2, 2, 2, 2, 2]",,
,,,"[0, 0, 0, 0, 0, 0, 0, 0, 0, 0, 0, 0, 0, 0, 0, 0, 0, 0, 0]",,
,,,"[0, 0, 0, 32, 4, 4, 4, 4, 4, 4, 4, 4, 4, 4, 4, 4, 4, 4, 5]",,
,,,"[0, 0, 0, 0, 0, 34, 6, 6, 6, 6, 6, 6, 6, 6, 6, 6, 6, 7, 7]",,
,,,"[0, 0, 0, 0, 0, 0, 0, 0, 0, 0, 0, 0, 0, 0, 0, 0, 0, 0, 0]",,
,,,"[0, 0, 0, 0, 0, 31, 2, 2, 2, 1, 3, 1, 2, 2, 2, 2, 2, 2, 2]",,
,,,"[0, 0, 0, 0, 0, 35, 9, 8, 8, 8, 9, 8, 8, 8, 9, 8, 8, 8, 8]",,
,,,"[0, 0, 0, 0, 0, 31, 2, 2, 2, 1, 3, 1, 2, 2, 2, 2, 2, 2, 2]",,
,,,"[0, 0, 0, 0, 0, 0, 0, 0, 0, 0, 0, 0, 0, 0, 0, 0, 0, 0, 0]",,
,,,"[0, 0, 0, 0, 0, 0, 0, 0, 0, 0, 0, 31, 2, 2, 2, 2, 2, 2, 2]",,
,,,"[0, 0, 0, 0, 0, 31, 2, 2, 2, 1, 2, 2, 2, 2, 2, 2, 2, 2, 2]",,
,,,"[0, 0, 0, 31, 2, 2, 2, 2, 2, 1, 2, 1, 2, 3, 2, 2, 2, 2, 2]",,
,,,"[0, 0, 0, 0, 0, 0, 0, 0, 0, 0, 0, 0, 0, 0, 0, 0, 0, 0, 0]",,
,,,"[0, 0, 0, 0, 0, 32, 4, 5, 4, 3, 5, 3, 4, 4, 5, 4, 4, 4, 4]",,
,,,"[0, 0, 0, 28, 8, 6, 8, 6, 6, 6, 6, 6, 6, 6, 6, 6, 6, 8, 6]",,
,,,"[0, 0, 0, 23, 10, 1, 3, 2, 2, 1, 2, 1, 2, 2, 3, 2, 2, 1, 2]",,
,,,"[0, 0, 0, 0, 0, 0, 0, 0, 0, 0, 0, 0, 0, 0, 0, 0, 0, 0, 0]",,
,,,"[0, 0, 0, 33, 6, 6, 6, 6, 6, 6, 7, 6, 6, 6, 6, 6, 6, 7, 7]",,
,,,"[0, 0, 0, 0, 0, 32, 4, 4, 4, 4, 4, 4, 4, 4, 4, 4, 4, 4, 4]",,
,,,"[0, 0, 0, 0, 0, 0, 0, 0, 0, 0, 0, 0, 0, 0, 0, 0, 0, 0, 0]",,
,,,"[0, 0, 0, 31, 2, 1, 3, 2, 2, 1, 2, 1, 2, 2, 2, 3, 2, 1, 2]",,
,,,"[0, 0, 0, 0, 0, 0, 0, 0, 0, 0, 0, 0, 0, 0, 0, 0, 0, 0, 0]",,
,,,"[0, 0, 0, 0, 0, 0, 0, 0, 0, 0, 0, 0, 0, 0, 0, 0, 0, 0, 0]",,
,,,"[0, 0, 0, 31, 2, 2, 2, 2, 2, 1, 2, 1, 2, 3, 2, 2, 2, 1, 3]",,
,,,"[0, 0, 0, 31, 2, 2, 2, 2, 2, 1, 2, 1, 2, 3, 2, 2, 2, 1, 3]",,
,,,"[0, 0, 0, 0, 0, 0, 0, 0, 0, 0, 0, 0, 0, 0, 0, 0, 0, 0, 0]",,
,,,"[0, 0, 0, 0, 0, 0, 0, 0, 0, 0, 0, 0, 0, 0, 0, 0, 0, 0, 0]",,
,,,"[0, 0, 0, 0, 0, 0, 0, 0, 0, 30, 3, 1, 2, 2, 2, 2, 2, 2, 2]",,
,,,"[0, 0, 0, 0, 0, 0, 0, 0, 0, 0, 0, 0, 0, 0, 0, 0, 0, 0, 0]",,
,,,"[0, 0, 0, 31, 2, 2, 2, 2, 2, 1, 2, 1, 2, 3, 2, 2, 2, 2, 2]",,
,,,"[0, 0, 0, 0, 0, 0, 0, 0, 0, 30, 2, 2, 2, 2, 2, 2, 2, 2, 2]",,
,,,"[0, 0, 0, 0, 0, 0, 0, 0, 0, 0, 0, 30, 2, 2, 3, 2, 2, 1, 2]",,
,,,"[0, 0, 0, 0, 0, 0, 0, 0, 0, 30, 2, 2, 2, 2, 2, 2, 2, 2, 2]",,
,,,"[0, 0, 0, 0, 0, 0, 0, 0, 0, 30, 2, 2, 2, 2, 2, 2, 2, 2, 2]",,
,,,"[0, 0, 0, 36, 12, 12, 13, 12, 12, 14, 13, 12, 12, 12, 12, 13, 12, 14, 13]",,
,,,"[0, 0, 0, 0, 0, 0, 0, 0, 0, 0, 0, 0, 0, 0, 0, 0, 0, 0, 0]",,
,,,"[0, 0, 0, 0, 0, 0, 0, 0, 0, 0, 0, 0, 0, 0, 0, 0, 0, 0, 0]",,
,,,"[0, 0, 0, 0, 0, 0, 0, 0, 0, 0, 0, 0, 0, 0, 0, 0, 0, 0, 0]",,
,,,"[0, 0, 0, 0, 0, 0, 0, 0, 0, 30, 2, 2, 2, 2, 2, 2, 2, 2, 2]",,
,,,"[0, 0, 0, 0, 0, 0, 0, 0, 0, 0, 0, 0, 0, 0, 0, 0, 0, 0, 0]",,
,,,,"[0, 0, 0, 0, 0, 0, 0, 0, 0, 0, 0, 0, 0, 0, 0, 0, 0, 0, 0]",
,,,,"[0, 0, 0, 32, 6, 6, 6, 6, 6, 6, 7, 6, 6, 6, 6, 6, 6, 7, 6]",
,,,,"[0, 0, 0, 0, 0, 0, 0, 0, 0, 0, 0, 0, 0, 0, 0, 0, 0, 0, 0]",
,,,,"[0, 0, 0, 0, 0, 0, 0, 0, 0, 24, 11, 4, 4, 4, 4, 4, 4, 4, 4]",
,,,,"[0, 0, 0, 0, 0, 0, 0, 0, 0, 29, 3, 2, 2, 2, 2, 2, 2, 2, 2]",
,,,,"[0, 0, 0, 0, 0, 31, 2, 2, 2, 2, 2, 1, 2, 2, 2, 2, 2, 2, 2]",
,,,,"[0, 0, 0, 0, 0, 0, 0, 0, 0, 0, 0, 0, 0, 0, 0, 0, 0, 0, 0]",
,,,,"[0, 0, 0, 0, 0, 0, 0, 0, 0, 0, 0, 0, 0, 0, 0, 0, 0, 0, 0]",
,,,,"[0, 0, 0, 0, 0, 33, 6, 6, 6, 6, 7, 6, 6, 6, 6, 6, 6, 6, 8]",
,,,,"[0, 0, 0, 33, 6, 5, 7, 6, 6, 6, 6, 6, 6, 7, 6, 6, 6, 6, 7]",
,,,,"[0, 0, 0, 0, 0, 31, 5, 4, 4, 4, 4, 3, 4, 4, 5, 4, 4, 4, 4]",
,,,,"[0, 0, 0, 31, 2, 2, 2, 2, 2, 1, 2, 1, 2, 2, 3, 2, 2, 1, 3]",
,,,,"[0, 0, 0, 31, 2, 2, 2, 2, 2, 1, 2, 1, 2, 3, 2, 2, 2, 2, 1]",
,,,,"[0, 0, 0, 0, 0, 0, 0, 0, 0, 0, 0, 0, 0, 0, 0, 0, 0, 0, 0]",
,,,,"[0, 0, 0, 31, 2, 2, 2, 2, 2, 1, 2, 1, 2, 3, 2, 2, 2, 1, 2]",
,,,,"[0, 0, 0, 31, 2, 2, 2, 2, 2, 1, 2, 1, 2, 3, 2, 2, 2, 1, 3]",
,,,,"[0, 0, 0, 0, 0, 0, 0, 0, 0, 0, 0, 31, 2, 2, 2, 2, 2, 2, 2]",
,,,,"[0, 0, 0, 0, 0, 0, 0, 0, 0, 0, 0, 0, 0, 0, 0, 0, 0, 0, 0]",
,,,,"[0, 0, 0, 0, 0, 0, 0, 0, 0, 0, 0, 0, 0, 0, 0, 0, 0, 0, 0]",
,,,,"[0, 0, 0, 0, 0, 32, 4, 4, 4, 4, 4, 4, 4, 4, 4, 4, 4, 4, 4]",
,,,,"[0, 0, 0, 0, 0, 0, 0, 0, 0, 0, 0, 0, 0, 0, 0, 0, 0, 0, 0]",
,,,,"[0, 0, 0, 0, 0, 0, 0, 0, 0, 0, 0, 0, 0, 0, 0, 0, 0, 0, 0]",
,,,,"[0, 0, 0, 30, 3, 1, 3, 2, 2, 1, 2, 1, 2, 2, 3, 2, 2, 1, 2]",
,,,,"[0, 0, 0, 0, 0, 0, 0, 0, 0, 0, 0, 0, 0, 0, 0, 0, 0, 0, 0]",
,,,,"[0, 0, 0, 31, 2, 2, 2, 2, 2, 1, 2, 1, 2, 2, 3, 2, 2, 1, 3]",
,,,,"[0, 0, 0, 0, 0, 0, 0, 0, 0, 0, 0, 30, 2, 2, 3, 2, 2, 1, 2]",
,,,,"[0, 0, 0, 0, 0, 0, 0, 0, 0, 30, 3, 1, 2, 2, 2, 2, 2, 2, 2]",
,,,,"[0, 0, 0, 31, 2, 2, 2, 2, 2, 1, 2, 1, 2, 3, 2, 2, 2, 2, 2]",
,,,,"[0, 0, 0, 0, 0, 0, 0, 0, 0, 0, 0, 0, 0, 0, 0, 0, 0, 0, 0]",
,,,,"[0, 0, 0, 31, 2, 2, 2, 2, 2, 1, 2, 1, 2, 3, 2, 2, 2, 1, 3]",
,,,,"[0, 0, 0, 32, 6, 6, 6, 6, 6, 6, 7, 6, 6, 6, 6, 6, 6, 6, 8]",
,,,,"[0, 0, 0, 31, 2, 1, 3, 2, 2, 1, 2, 1, 2, 2, 3, 2, 2, 1, 3]",
,,,,"[0, 0, 0, 31, 2, 1, 2, 3, 2, 1, 2, 1, 2, 2, 3, 2, 2, 1, 2]",
,,,,"[0, 0, 0, 0, 0, 0, 0, 0, 0, 0, 0, 0, 0, 0, 0, 0, 0, 0, 0]",
,,,,"[0, 0, 0, 0, 0, 0, 0, 0, 0, 0, 0, 0, 0, 0, 0, 0, 0, 0, 0]",
,,,,"[0, 0, 0, 0, 0, 0, 0, 0, 0, 0, 0, 0, 0, 0, 0, 0, 0, 0, 0]",
,,,,"[0, 0, 0, 31, 4, 4, 4, 4, 4, 4, 4, 4, 4, 4, 4, 4, 4, 4, 5]",
,,,,"[0, 0, 0, 0, 0, 0, 0, 0, 0, 0, 0, 0, 0, 0, 0, 0, 0, 0, 0]",
,,,,"[0, 0, 0, 0, 0, 0, 0, 0, 0, 0, 0, 0, 0, 0, 0, 0, 0, 0, 0]",
,,,,"[0, 0, 0, 0, 0, 0, 0, 0, 0, 0, 0, 0, 0, 0, 0, 0, 0, 0, 0]",
,,,,"[0, 0, 0, 31, 2, 2, 2, 2, 2, 1, 2, 1, 2, 2, 3, 2, 2, 2, 1]",
,,,,"[0, 0, 0, 0, 0, 0, 0, 0, 0, 0, 0, 0, 0, 0, 0, 0, 0, 0, 0]",
,,,,"[0, 0, 0, 0, 0, 0, 0, 0, 0, 0, 0, 0, 0, 0, 0, 0, 0, 0, 0]",
,,,,"[0, 0, 0, 0, 0, 0, 0, 0, 0, 0, 0, 0, 0, 0, 0, 0, 0, 0, 0]",
,,,,"[0, 0, 0, 0, 0, 0, 0, 0, 0, 0, 0, 0, 0, 0, 0, 0, 0, 0, 0]",
,,,,"[0, 0, 0, 31, 2, 2, 2, 2, 2, 1, 2, 1, 2, 3, 2, 2, 2, 2, 2]",
,,,,"[0, 0, 0, 0, 0, 0, 0, 0, 0, 0, 0, 0, 0, 0, 0, 0, 0, 0, 0]",
,,,,"[0, 0, 0, 0, 0, 32, 4, 5, 4, 4, 4, 3, 4, 4, 5, 4, 4, 4, 4]",
,,,,"[0, 0, 0, 0, 0, 0, 0, 0, 0, 0, 0, 27, 6, 2, 2, 2, 2, 2, 2]",
,,,,"[0, 0, 0, 31, 2, 1, 3, 2, 2, 1, 2, 1, 2, 2, 3, 2, 2, 1, 2]",
,,,,,"[0, 0, 0, 0, 0, 0, 0, 0, 0, 0, 0, 0, 0, 0, 0, 0, 0, 0, 0]"
,,,,,"[0, 0, 0, 0, 0, 0, 0, 0, 0, 32, 4, 4, 4, 4, 4, 4, 4, 4, 4]"
,,,,,"[0, 0, 0, 0, 0, 0, 0, 0, 0, 0, 0, 0, 0, 0, 0, 0, 0, 0, 0]"
,,,,,"[0, 0, 0, 0, 0, 0, 0, 0, 0, 0, 0, 0, 0, 0, 0, 0, 0, 0, 0]"
,,,,,"[0, 0, 0, 0, 0, 0, 0, 0, 0, 0, 0, 30, 3, 2, 2, 2, 2, 2, 2]"
,,,,,"[0, 0, 0, 0, 0, 32, 4, 4, 4, 4, 4, 4, 4, 4, 4, 4, 4, 4, 4]"
,,,,,"[0, 0, 0, 31, 2, 1, 3, 2, 2, 1, 2, 1, 2, 2, 3, 2, 2, 1, 2]"
,,,,,"[0, 0, 0, 0, 0, 0, 0, 0, 0, 0, 0, 0, 0, 0, 0, 0, 0, 0, 0]"
,,,,,"[0, 0, 0, 31, 2, 2, 1, 2, 2, 1, 3, 1, 2, 2, 2, 2, 2, 2, 2]"
,,,,,"[0, 0, 0, 31, 2, 2, 2, 2, 2, 1, 2, 1, 2, 3, 2, 2, 2, 1, 2]"
,,,,,"[0, 0, 0, 0, 0, 0, 0, 0, 0, 0, 0, 0, 0, 0, 0, 0, 0, 0, 0]"
,,,,,"[0, 0, 0, 0, 0, 31, 2, 2, 2, 1, 3, 1, 2, 2, 2, 2, 2, 2, 2]"
,,,,,"[0, 0, 0, 32, 4, 3, 5, 4, 4, 4, 4, 3, 4, 5, 4, 4, 4, 4, 4]"
,,,,,"[0, 0, 0, 0, 0, 32, 4, 5, 4, 4, 4, 3, 4, 5, 4, 4, 4, 4, 4]"
,,,,,"[0, 0, 0, 0, 0, 0, 0, 0, 0, 0, 0, 0, 0, 0, 0, 0, 0, 0, 0]"
,,,,,"[0, 0, 0, 31, 4, 4, 4, 4, 4, 4, 4, 4, 4, 4, 4, 4, 4, 4, 4]"
,,,,,"[0, 0, 0, 0, 0, 32, 6, 7, 6, 6, 6, 6, 6, 6, 7, 6, 6, 6, 6]"
,,,,,"[0, 0, 0, 32, 4, 4, 4, 4, 4, 4, 4, 3, 4, 4, 5, 4, 4, 4, 4]"
,,,,,"[0, 0, 0, 0, 0, 0, 0, 0, 0, 0, 0, 0, 0, 0, 0, 0, 0, 0, 0]"
,,,,,"[0, 0, 0, 0, 0, 0, 0, 0, 0, 0, 0, 0, 0, 0, 0, 0, 0, 0, 0]"
,,,,,"[0, 0, 0, 0, 0, 0, 0, 0, 0, 0, 0, 0, 0, 0, 0, 0, 0, 0, 0]"
,,,,,"[0, 0, 0, 0, 0, 0, 0, 0, 0, 32, 4, 4, 4, 4, 4, 4, 4, 4, 4]"
,,,,,"[0, 0, 0, 32, 4, 4, 4, 4, 4, 4, 4, 4, 4, 4, 4, 4, 4, 5, 4]"
,,,,,"[0, 0, 0, 0, 0, 0, 0, 0, 0, 0, 0, 0, 0, 0, 0, 0, 0, 0, 0]"
,,,,,"[0, 0, 0, 0, 0, 0, 0, 0, 0, 0, 0, 0, 0, 0, 0, 0, 0, 0, 0]"
,,,,,"[0, 0, 0, 0, 0, 0, 0, 0, 0, 0, 0, 0, 0, 0, 0, 0, 0, 0, 0]"
,,,,,"[0, 0, 0, 0, 0, 0, 0, 0, 0, 0, 0, 0, 0, 0, 0, 0, 0, 0, 0]"
,,,,,"[0, 0, 0, 0, 0, 0, 0, 0, 0, 32, 4, 4, 4, 4, 4, 4, 4, 4, 4]"
,,,,,"[0, 0, 0, 0, 0, 32, 4, 4, 4, 4, 4, 4, 4, 4, 4, 4, 4, 4, 4]"
,,,,,"[0, 0, 0, 0, 0, 33, 7, 6, 6, 6, 6, 6, 6, 6, 7, 6, 6, 6, 6]"
,,,,,"[0, 0, 0, 0, 0, 0, 0, 0, 0, 0, 0, 0, 0, 0, 0, 0, 0, 0, 0]"
,,,,,"[0, 0, 0, 0, 0, 0, 0, 0, 0, 0, 0, 31, 2, 2, 2, 2, 2, 2, 2]"
,,,,,"[0, 0, 0, 31, 2, 1, 3, 2, 2, 1, 2, 1, 2, 3, 2, 2, 2, 1, 3]"
,,,,,"[0, 0, 0, 31, 2, 2, 2, 2, 2, 1, 2, 1, 2, 2, 3, 2, 2, 2, 2]"
,,,,,"[0, 0, 0, 0, 0, 0, 0, 0, 0, 0, 0, 0, 0, 0, 0, 0, 0, 0, 0]"
,,,,,"[0, 0, 0, 0, 0, 0, 0, 0, 0, 0, 0, 0, 0, 0, 0, 0, 0, 0, 0]"
,,,,,"[0, 0, 0, 0, 0, 0, 0, 0, 0, 30, 2, 2, 2, 2, 2, 2, 2, 2, 2]"
,,,,,"[0, 0, 0, 0, 0, 0, 0, 0, 0, 0, 0, 0, 0, 0, 0, 0, 0, 0, 0]"
,,,,,"[0, 0, 0, 31, 2, 1, 3, 2, 2, 1, 2, 1, 2, 3, 2, 2, 2, 1, 3]"
,,,,,"[0, 0, 0, 0, 0, 0, 0, 0, 0, 0, 0, 0, 0, 0, 0, 0, 0, 0, 0]"
,,,,,"[0, 0, 0, 0, 0, 0, 0, 0, 0, 30, 3, 1, 2, 2, 2, 2, 2, 2, 2]"
,,,,,"[0, 0, 0, 0, 0, 0, 0, 0, 0, 0, 0, 0, 0, 0, 0, 0, 0, 0, 0]"
,,,,,"[0, 0, 0, 0, 0, 0, 0, 0, 0, 0, 0, 0, 0, 0, 0, 0, 0, 0, 0]"
,,,,,"[0, 0, 0, 31, 2, 2, 2, 2, 2, 1, 2, 1, 2, 2, 3, 2, 2, 1, 3]"
,,,,,"[0, 0, 0, 0, 0, 0, 0, 0, 0, 32, 4, 4, 4, 4, 4, 4, 4, 4, 4]"
,,,,,"[0, 0, 0, 0, 0, 34, 7, 6, 6, 6, 6, 6, 6, 6, 6, 6, 6, 6, 6]"
,,,,,"[0, 0, 0, 0, 0, 0, 0, 0, 0, 0, 0, 0, 0, 0, 0, 0, 0, 0, 0]"
,,,,,"[0, 0, 0, 0, 0, 0, 0, 0, 0, 0, 0, 0, 0, 0, 0, 0, 0, 0, 0]"
,,,,,"[0, 0, 0, 0, 0, 0, 0, 0, 0, 0, 0, 0, 0, 0, 0, 0, 0, 0, 0]"
,,,,,"[0, 0, 0, 31, 2, 2, 2, 2, 2, 1, 2, 1, 2, 3, 2, 2, 2, 2, 2]"
