0.01,0.04,0.07,0.1,0.13,0.16
"[0, 0, 0, 0, 0, 0, 0, 0, 0, 0, 0, 0, 0, 0, 0, 0, 0, 0, 0, 0, 0, 0, 0, 0, 0, 0, 0, 0, 0, 0, 0, 0, 0, 0, 0, 0]",,,,,
"[0, 0, 0, 0, 0, 0, 0, 0, 0, 0, 0, 0, 0, 0, 0, 0, 0, 0, 0, 0, 0, 0, 0, 0, 0, 0, 0, 0, 0, 0, 0, 0, 0, 0, 0, 0]",,,,,
"[0, 0, 0, 0, 0, 0, 0, 0, 0, 0, 0, 0, 0, 0, 0, 0, 0, 0, 0, 0, 0, 0, 0, 0, 0, 0, 0, 0, 0, 0, 0, 0, 0, 0, 0, 0]",,,,,
"[0, 0, 0, 0, 0, 0, 0, 0, 0, 0, 0, 0, 0, 0, 0, 0, 0, 0, 0, 0, 0, 0, 0, 0, 0, 0, 0, 0, 0, 0, 0, 0, 0, 0, 0, 0]",,,,,
"[0, 0, 0, 0, 0, 0, 0, 0, 0, 0, 0, 0, 0, 0, 0, 0, 0, 0, 0, 0, 0, 0, 0, 0, 0, 0, 0, 0, 0, 0, 0, 0, 0, 0, 0, 0]",,,,,
"[0, 0, 0, 0, 0, 0, 0, 0, 0, 0, 0, 0, 0, 0, 0, 0, 0, 0, 0, 0, 0, 0, 0, 0, 0, 0, 0, 0, 0, 0, 0, 0, 0, 0, 0, 0]",,,,,
"[0, 0, 0, 0, 0, 0, 0, 0, 0, 0, 0, 0, 0, 0, 0, 0, 0, 0, 0, 0, 0, 0, 0, 0, 0, 0, 0, 0, 0, 0, 0, 0, 0, 0, 0, 0]",,,,,
"[0, 0, 0, 0, 0, 0, 0, 0, 0, 0, 0, 0, 0, 0, 0, 0, 0, 0, 0, 0, 0, 0, 0, 0, 0, 0, 0, 0, 0, 0, 0, 0, 0, 0, 0, 0]",,,,,
"[0, 0, 0, 0, 0, 0, 0, 0, 0, 0, 0, 0, 0, 0, 0, 0, 0, 0, 0, 0, 0, 0, 0, 0, 0, 0, 0, 0, 0, 0, 0, 0, 0, 0, 0, 0]",,,,,
"[0, 0, 0, 0, 0, 0, 0, 0, 0, 0, 0, 0, 0, 0, 0, 0, 0, 0, 0, 0, 0, 0, 0, 0, 0, 0, 0, 0, 0, 0, 0, 0, 0, 0, 0, 0]",,,,,
"[0, 0, 0, 0, 0, 0, 0, 0, 0, 0, 0, 0, 0, 0, 0, 1, 0, 0, 0, 0, 0, 0, 0, 0, 0, 0, 0, 0, 0, 0, 0, 0, 0, 0, 0, 0]",,,,,
"[0, 0, 1, 0, 0, 0, 0, 0, 0, 0, 0, 0, 0, 0, 0, 0, 0, 0, 0, 0, 0, 0, 0, 0, 0, 0, 0, 0, 0, 0, 0, 0, 0, 0, 0, 0]",,,,,
"[0, 0, 0, 0, 0, 0, 0, 0, 0, 0, 0, 0, 0, 0, 0, 0, 0, 0, 0, 0, 0, 0, 0, 0, 0, 0, 0, 0, 0, 0, 0, 0, 0, 0, 0, 0]",,,,,
"[0, 0, 0, 0, 0, 0, 0, 0, 0, 0, 0, 0, 0, 0, 0, 0, 0, 0, 0, 0, 0, 0, 0, 0, 0, 0, 0, 0, 0, 0, 0, 0, 0, 0, 0, 0]",,,,,
"[0, 0, 0, 0, 0, 0, 0, 0, 0, 0, 0, 0, 0, 0, 0, 0, 0, 0, 0, 0, 0, 0, 0, 0, 0, 0, 0, 0, 0, 0, 0, 0, 0, 0, 0, 0]",,,,,
"[0, 0, 0, 0, 0, 0, 0, 0, 0, 0, 0, 0, 0, 0, 0, 0, 0, 0, 0, 0, 0, 0, 0, 0, 0, 0, 0, 0, 0, 0, 0, 0, 0, 0, 0, 0]",,,,,
"[0, 0, 0, 0, 0, 0, 0, 0, 0, 0, 0, 0, 0, 0, 0, 0, 0, 0, 0, 0, 0, 0, 0, 0, 0, 0, 0, 0, 0, 0, 0, 0, 0, 0, 0, 0]",,,,,
"[0, 0, 0, 0, 0, 0, 0, 0, 0, 0, 0, 0, 0, 0, 0, 0, 0, 0, 0, 0, 0, 0, 0, 0, 0, 0, 0, 0, 0, 0, 0, 0, 0, 0, 0, 0]",,,,,
"[0, 0, 0, 0, 0, 0, 0, 0, 0, 0, 0, 0, 0, 0, 0, 0, 0, 0, 0, 0, 0, 0, 0, 0, 0, 0, 0, 0, 0, 0, 0, 0, 0, 0, 0, 0]",,,,,
"[0, 0, 0, 0, 0, 0, 0, 0, 0, 0, 0, 0, 0, 0, 0, 0, 0, 0, 0, 0, 0, 0, 0, 0, 0, 0, 0, 0, 0, 0, 0, 0, 0, 0, 0, 0]",,,,,
"[0, 0, 0, 0, 0, 0, 0, 0, 0, 0, 0, 0, 0, 0, 0, 0, 0, 0, 0, 0, 0, 0, 0, 0, 0, 0, 0, 0, 0, 0, 0, 0, 0, 0, 0, 0]",,,,,
"[0, 0, 0, 0, 0, 0, 0, 0, 0, 0, 0, 0, 0, 0, 0, 0, 0, 0, 0, 0, 0, 0, 0, 0, 0, 0, 0, 0, 0, 0, 0, 0, 0, 0, 0, 0]",,,,,
"[0, 0, 0, 0, 0, 0, 0, 0, 0, 0, 1, 0, 0, 0, 0, 0, 0, 0, 0, 0, 0, 0, 0, 0, 0, 0, 0, 0, 0, 0, 0, 0, 0, 0, 0, 0]",,,,,
"[0, 0, 0, 0, 0, 0, 0, 0, 0, 0, 0, 0, 0, 0, 0, 0, 0, 0, 0, 0, 0, 0, 0, 0, 0, 0, 0, 0, 0, 0, 0, 0, 0, 0, 0, 0]",,,,,
"[0, 0, 0, 0, 0, 0, 0, 0, 0, 0, 0, 0, 0, 0, 0, 0, 0, 0, 0, 0, 0, 0, 0, 0, 0, 0, 0, 0, 0, 0, 0, 0, 0, 0, 0, 0]",,,,,
"[0, 0, 0, 0, 0, 0, 0, 0, 0, 0, 0, 0, 0, 0, 0, 0, 0, 0, 0, 0, 0, 0, 0, 0, 0, 0, 0, 0, 0, 0, 0, 0, 0, 0, 0, 0]",,,,,
"[0, 0, 0, 0, 0, 0, 0, 0, 0, 0, 0, 0, 0, 0, 0, 0, 0, 0, 0, 0, 0, 0, 0, 0, 0, 0, 0, 0, 0, 0, 0, 0, 0, 0, 0, 0]",,,,,
"[0, 0, 0, 0, 0, 0, 0, 0, 0, 0, 0, 0, 0, 0, 0, 0, 0, 0, 0, 0, 0, 0, 0, 0, 0, 0, 0, 0, 0, 0, 0, 0, 0, 0, 0, 0]",,,,,
"[0, 0, 0, 0, 0, 0, 0, 0, 0, 0, 0, 0, 0, 0, 0, 0, 0, 0, 0, 0, 0, 0, 0, 0, 0, 0, 0, 0, 0, 0, 0, 0, 0, 0, 0, 0]",,,,,
"[0, 0, 0, 0, 0, 0, 0, 0, 0, 0, 0, 0, 0, 0, 0, 0, 0, 0, 0, 0, 0, 0, 0, 0, 0, 0, 0, 0, 0, 0, 0, 0, 0, 0, 0, 0]",,,,,
"[0, 0, 0, 0, 0, 0, 0, 0, 0, 0, 0, 0, 0, 0, 0, 0, 0, 0, 0, 0, 0, 0, 0, 0, 0, 0, 0, 0, 0, 0, 0, 0, 0, 0, 0, 0]",,,,,
"[0, 0, 0, 0, 0, 0, 0, 0, 0, 0, 0, 0, 0, 0, 0, 0, 0, 0, 0, 0, 0, 0, 0, 0, 0, 0, 0, 0, 0, 0, 0, 0, 0, 0, 0, 0]",,,,,
"[0, 0, 0, 0, 0, 0, 0, 0, 0, 0, 0, 0, 0, 0, 0, 0, 0, 0, 0, 0, 0, 0, 0, 0, 0, 0, 0, 0, 0, 0, 0, 0, 0, 0, 0, 0]",,,,,
"[0, 0, 0, 0, 0, 0, 0, 0, 0, 0, 0, 0, 0, 0, 0, 0, 0, 0, 0, 0, 0, 0, 0, 0, 0, 0, 0, 0, 0, 0, 0, 0, 0, 0, 0, 0]",,,,,
"[0, 0, 0, 0, 0, 0, 0, 0, 0, 0, 0, 0, 0, 0, 0, 0, 0, 0, 0, 0, 0, 0, 0, 0, 0, 0, 0, 0, 0, 0, 0, 0, 0, 0, 0, 0]",,,,,
"[0, 0, 0, 0, 0, 0, 0, 0, 0, 0, 0, 0, 0, 0, 0, 0, 0, 0, 0, 0, 0, 0, 0, 0, 0, 0, 0, 0, 0, 0, 0, 0, 0, 0, 0, 0]",,,,,
"[0, 0, 0, 0, 0, 0, 0, 0, 0, 0, 0, 0, 0, 0, 0, 0, 0, 0, 0, 0, 0, 0, 0, 0, 0, 0, 0, 0, 0, 0, 0, 0, 0, 0, 0, 0]",,,,,
"[0, 0, 0, 0, 0, 0, 0, 0, 0, 0, 1, 0, 0, 0, 0, 0, 0, 0, 0, 0, 0, 0, 0, 0, 0, 0, 0, 0, 0, 0, 0, 0, 0, 0, 0, 0]",,,,,
"[0, 0, 0, 0, 0, 0, 0, 0, 0, 0, 0, 0, 0, 0, 0, 0, 0, 0, 0, 0, 0, 0, 0, 0, 0, 0, 0, 0, 0, 0, 0, 0, 0, 0, 0, 0]",,,,,
"[0, 0, 0, 0, 0, 0, 0, 0, 0, 0, 0, 0, 0, 0, 0, 0, 0, 0, 0, 0, 0, 0, 0, 0, 0, 0, 0, 0, 0, 0, 0, 0, 0, 0, 0, 0]",,,,,
"[0, 0, 0, 0, 0, 0, 0, 0, 0, 0, 0, 0, 0, 0, 0, 0, 0, 0, 0, 0, 0, 0, 0, 0, 0, 0, 0, 0, 0, 0, 0, 0, 0, 0, 0, 0]",,,,,
"[0, 0, 0, 0, 0, 0, 0, 0, 0, 0, 0, 0, 0, 0, 0, 0, 0, 0, 0, 0, 0, 0, 0, 0, 0, 0, 0, 0, 0, 0, 0, 0, 0, 0, 0, 0]",,,,,
"[0, 0, 0, 0, 0, 0, 0, 0, 0, 0, 0, 0, 0, 0, 0, 0, 0, 0, 0, 0, 0, 0, 0, 0, 0, 0, 0, 0, 0, 0, 0, 0, 0, 0, 0, 0]",,,,,
"[0, 0, 0, 0, 0, 0, 0, 0, 0, 0, 0, 0, 0, 0, 0, 0, 0, 0, 0, 0, 0, 0, 0, 0, 0, 0, 0, 0, 0, 0, 0, 0, 0, 0, 0, 0]",,,,,
"[0, 0, 0, 0, 0, 0, 0, 0, 0, 0, 0, 0, 0, 0, 0, 0, 0, 0, 0, 0, 0, 0, 0, 0, 0, 0, 0, 0, 0, 0, 0, 0, 0, 0, 0, 0]",,,,,
"[0, 0, 0, 0, 0, 0, 0, 0, 0, 0, 0, 0, 0, 0, 0, 0, 0, 0, 0, 0, 0, 0, 0, 0, 0, 0, 0, 0, 0, 0, 0, 0, 0, 0, 0, 0]",,,,,
"[0, 0, 0, 0, 0, 0, 0, 0, 0, 0, 0, 0, 0, 0, 0, 0, 0, 0, 0, 0, 0, 0, 0, 0, 0, 0, 0, 0, 0, 0, 0, 0, 0, 0, 0, 0]",,,,,
"[0, 0, 0, 0, 0, 0, 0, 0, 0, 0, 0, 0, 0, 0, 0, 0, 0, 0, 0, 0, 0, 0, 0, 0, 0, 0, 0, 0, 0, 0, 0, 0, 0, 0, 0, 0]",,,,,
"[0, 0, 0, 0, 0, 0, 0, 0, 0, 0, 0, 0, 0, 0, 0, 0, 0, 0, 0, 0, 0, 0, 0, 0, 0, 0, 0, 0, 0, 0, 0, 0, 0, 0, 0, 0]",,,,,
"[0, 0, 0, 0, 0, 0, 0, 0, 0, 0, 0, 0, 0, 0, 0, 0, 0, 0, 0, 0, 0, 0, 0, 0, 0, 0, 0, 0, 0, 0, 0, 0, 0, 0, 0, 0]",,,,,
,"[0, 1, 4, 1, 0, 1, 5, 3, 3, 0, 0, 2, 0, 0, 1, 0, 1, 1, 0, 1, 2, 1, 0, 0, 0, 0, 0, 0, 1, 0, 0, 0, 0, 0, 0, 0]",,,,
,"[0, 1, 0, 0, 0, 1, 2, 1, 0, 3, 0, 0, 2, 1, 1, 2, 3, 0, 0, 0, 1, 1, 0, 1, 1, 0, 0, 3, 0, 0, 0, 0, 1, 0, 1, 0]",,,,
,"[0, 0, 0, 1, 0, 0, 0, 0, 0, 0, 0, 0, 0, 0, 0, 0, 0, 2, 0, 1, 1, 1, 0, 0, 0, 0, 0, 1, 1, 0, 1, 3, 0, 3, 1, 1]",,,,
,"[0, 1, 0, 1, 0, 0, 1, 1, 0, 0, 0, 0, 0, 0, 0, 0, 0, 0, 1, 1, 1, 0, 0, 0, 0, 0, 1, 0, 1, 0, 0, 0, 0, 0, 1, 0]",,,,
,"[0, 0, 0, 0, 1, 0, 0, 0, 0, 0, 0, 0, 0, 0, 0, 0, 0, 0, 0, 0, 0, 0, 0, 0, 0, 0, 1, 0, 0, 0, 0, 0, 0, 0, 1, 0]",,,,
,"[0, 1, 0, 2, 0, 0, 0, 1, 2, 1, 5, 0, 0, 2, 5, 1, 0, 1, 0, 1, 0, 1, 1, 0, 0, 1, 0, 0, 0, 0, 0, 1, 1, 0, 0, 0]",,,,
,"[0, 0, 2, 2, 2, 0, 0, 0, 0, 1, 0, 0, 0, 1, 4, 2, 4, 1, 0, 0, 0, 2, 0, 0, 0, 0, 0, 1, 2, 1, 0, 2, 0, 0, 1, 0]",,,,
,"[0, 1, 0, 0, 1, 2, 4, 3, 6, 0, 1, 2, 2, 1, 1, 1, 0, 1, 0, 0, 1, 0, 0, 0, 0, 0, 0, 0, 0, 0, 0, 0, 0, 0, 0, 0]",,,,
,"[0, 0, 0, 0, 0, 0, 0, 1, 0, 0, 0, 0, 1, 0, 2, 0, 1, 0, 0, 0, 2, 2, 0, 2, 0, 0, 1, 2, 2, 1, 0, 0, 0, 1, 2, 0]",,,,
,"[0, 0, 1, 0, 0, 0, 0, 0, 0, 0, 0, 0, 0, 0, 0, 0, 0, 0, 0, 1, 0, 2, 1, 0, 0, 1, 1, 0, 0, 0, 0, 0, 0, 0, 2, 0]",,,,
,"[0, 1, 0, 0, 1, 1, 1, 1, 1, 1, 0, 0, 0, 0, 0, 0, 0, 0, 0, 3, 1, 4, 6, 1, 0, 1, 0, 1, 0, 0, 0, 0, 1, 0, 0, 0]",,,,
,"[0, 0, 2, 1, 0, 0, 0, 0, 0, 0, 0, 0, 0, 0, 2, 0, 1, 0, 1, 3, 0, 0, 1, 1, 0, 2, 5, 3, 0, 0, 2, 1, 0, 0, 1, 0]",,,,
,"[0, 0, 0, 2, 0, 0, 0, 0, 2, 0, 0, 0, 1, 2, 4, 4, 1, 0, 0, 0, 0, 1, 2, 3, 2, 0, 0, 1, 0, 0, 0, 0, 0, 1, 0, 0]",,,,
,"[0, 0, 1, 0, 0, 0, 0, 0, 0, 0, 0, 0, 0, 0, 0, 1, 0, 0, 0, 0, 0, 0, 0, 0, 0, 0, 0, 0, 0, 0, 0, 0, 1, 0, 1, 0]",,,,
,"[0, 0, 2, 1, 1, 0, 0, 0, 0, 0, 0, 0, 0, 0, 1, 0, 0, 0, 0, 0, 0, 0, 0, 0, 0, 0, 0, 0, 0, 0, 0, 0, 0, 1, 0, 0]",,,,
,"[0, 0, 0, 0, 0, 0, 0, 0, 0, 0, 0, 0, 0, 0, 0, 0, 0, 0, 0, 0, 0, 0, 0, 0, 0, 0, 0, 1, 1, 1, 0, 2, 0, 0, 0, 0]",,,,
,"[0, 1, 0, 3, 1, 0, 0, 1, 1, 2, 1, 0, 0, 0, 2, 4, 4, 0, 0, 0, 0, 2, 0, 1, 0, 0, 2, 2, 1, 0, 0, 5, 0, 1, 0, 0]",,,,
,"[0, 0, 0, 1, 2, 0, 0, 0, 0, 0, 0, 0, 0, 1, 2, 2, 1, 0, 0, 0, 0, 0, 1, 0, 0, 1, 6, 2, 3, 0, 0, 0, 0, 2, 0, 1]",,,,
,"[0, 0, 1, 1, 1, 0, 1, 0, 0, 0, 2, 0, 0, 0, 0, 1, 0, 0, 0, 0, 1, 1, 0, 0, 1, 0, 0, 1, 1, 1, 0, 0, 0, 0, 0, 0]",,,,
,"[0, 0, 3, 0, 0, 0, 1, 0, 0, 0, 0, 0, 0, 0, 0, 1, 1, 0, 0, 0, 0, 0, 1, 0, 0, 0, 0, 0, 1, 0, 1, 0, 0, 1, 1, 1]",,,,
,"[0, 0, 1, 0, 0, 0, 0, 0, 0, 0, 0, 0, 0, 0, 0, 1, 1, 0, 0, 1, 0, 1, 0, 0, 0, 0, 0, 0, 0, 0, 0, 0, 1, 1, 1, 1]",,,,
,"[0, 0, 1, 2, 1, 0, 0, 0, 0, 0, 0, 0, 0, 2, 1, 1, 0, 0, 0, 0, 0, 2, 0, 1, 0, 0, 1, 0, 0, 0, 1, 3, 2, 1, 0, 3]",,,,
,"[0, 0, 0, 0, 0, 0, 1, 1, 1, 3, 1, 0, 0, 0, 0, 0, 0, 0, 0, 0, 0, 0, 0, 0, 0, 0, 0, 0, 0, 0, 0, 0, 0, 0, 0, 0]",,,,
,"[0, 0, 1, 3, 0, 0, 0, 0, 0, 0, 0, 0, 0, 3, 2, 0, 0, 0, 0, 1, 2, 1, 2, 0, 1, 2, 0, 1, 2, 0, 0, 1, 2, 1, 1, 0]",,,,
,"[0, 2, 2, 1, 0, 1, 0, 0, 2, 2, 4, 0, 1, 0, 0, 0, 1, 0, 0, 0, 1, 0, 1, 0, 0, 0, 0, 1, 0, 0, 3, 1, 2, 0, 0, 0]",,,,
,"[0, 1, 0, 0, 1, 0, 0, 0, 0, 0, 1, 0, 0, 0, 2, 1, 0, 0, 0, 0, 0, 0, 0, 0, 0, 0, 0, 0, 1, 0, 1, 0, 1, 0, 0, 0]",,,,
,"[0, 0, 0, 1, 0, 0, 0, 0, 1, 0, 0, 0, 0, 0, 0, 0, 0, 0, 0, 0, 0, 2, 0, 0, 0, 1, 0, 0, 1, 2, 1, 1, 1, 0, 2, 0]",,,,
,"[0, 1, 0, 1, 1, 0, 0, 0, 0, 2, 0, 0, 0, 0, 0, 1, 0, 0, 0, 0, 0, 0, 0, 0, 6, 2, 2, 0, 1, 0, 0, 1, 2, 2, 1, 0]",,,,
,"[0, 1, 1, 1, 0, 1, 0, 3, 1, 0, 0, 0, 0, 0, 0, 0, 0, 0, 0, 0, 0, 0, 0, 1, 0, 2, 1, 2, 0, 0, 2, 1, 2, 1, 1, 0]",,,,
,"[1, 0, 1, 0, 0, 0, 0, 0, 0, 0, 0, 0, 0, 0, 0, 0, 0, 0, 0, 0, 0, 0, 0, 0, 0, 0, 0, 0, 1, 0, 0, 1, 0, 0, 0, 0]",,,,
,"[0, 0, 1, 2, 0, 0, 0, 0, 1, 2, 1, 0, 0, 1, 7, 3, 3, 0, 1, 1, 0, 0, 0, 0, 0, 0, 1, 0, 1, 0, 0, 0, 1, 0, 0, 1]",,,,
,"[0, 1, 1, 0, 0, 0, 0, 0, 0, 0, 0, 0, 0, 0, 0, 0, 0, 0, 0, 0, 0, 0, 0, 0, 0, 0, 0, 0, 0, 0, 0, 0, 0, 0, 0, 0]",,,,
,"[0, 0, 1, 0, 0, 0, 0, 0, 0, 0, 0, 0, 0, 0, 0, 0, 0, 0, 0, 0, 0, 0, 0, 0, 0, 1, 1, 1, 0, 0, 0, 0, 0, 0, 0, 0]",,,,
,"[0, 0, 1, 0, 1, 0, 0, 0, 0, 0, 0, 0, 0, 0, 1, 0, 3, 1, 1, 0, 2, 1, 3, 0, 1, 1, 2, 1, 1, 0, 1, 0, 0, 0, 2, 0]",,,,
,"[0, 0, 1, 0, 1, 0, 0, 1, 0, 2, 1, 0, 0, 0, 0, 0, 0, 0, 0, 1, 1, 6, 0, 1, 1, 2, 1, 1, 2, 0, 1, 2, 0, 1, 0, 0]",,,,
,"[0, 2, 0, 1, 0, 0, 0, 0, 0, 0, 0, 0, 2, 0, 1, 0, 2, 0, 0, 0, 0, 0, 2, 0, 2, 4, 2, 2, 2, 0, 0, 0, 0, 1, 2, 0]",,,,
,"[0, 0, 1, 1, 1, 1, 0, 1, 4, 0, 4, 0, 0, 0, 2, 3, 1, 0, 0, 1, 0, 0, 2, 1, 1, 0, 0, 1, 0, 0, 0, 0, 0, 0, 1, 0]",,,,
,"[0, 0, 0, 2, 0, 0, 1, 0, 0, 0, 0, 0, 2, 2, 0, 0, 1, 0, 0, 0, 4, 1, 0, 1, 1, 5, 0, 2, 0, 0, 1, 1, 0, 1, 0, 0]",,,,
,"[0, 1, 0, 0, 0, 0, 0, 0, 1, 0, 1, 0, 0, 0, 0, 0, 0, 0, 0, 0, 0, 0, 0, 2, 0, 3, 3, 1, 0, 2, 1, 1, 1, 2, 0, 0]",,,,
,"[0, 0, 0, 0, 1, 0, 4, 2, 0, 4, 3, 0, 1, 1, 1, 1, 0, 1, 1, 2, 2, 1, 1, 0, 0, 0, 1, 1, 0, 0, 0, 0, 0, 0, 0, 0]",,,,
,"[0, 0, 1, 0, 0, 0, 0, 0, 0, 0, 0, 0, 0, 0, 0, 0, 0, 0, 0, 0, 1, 1, 0, 1, 0, 0, 0, 1, 0, 0, 0, 0, 0, 0, 0, 1]",,,,
,"[0, 0, 0, 1, 0, 0, 0, 0, 0, 0, 0, 1, 0, 0, 0, 1, 0, 0, 0, 0, 0, 2, 0, 0, 2, 1, 1, 2, 3, 0, 1, 2, 1, 1, 0, 0]",,,,
,"[0, 0, 1, 3, 2, 0, 0, 0, 0, 0, 0, 0, 0, 0, 1, 0, 0, 0, 0, 0, 0, 0, 2, 1, 0, 1, 0, 1, 2, 0, 2, 2, 1, 5, 0, 1]",,,,
,"[0, 0, 0, 0, 1, 0, 1, 1, 2, 0, 0, 0, 0, 1, 0, 1, 0, 3, 2, 0, 2, 1, 2, 2, 0, 0, 1, 2, 1, 0, 0, 0, 1, 1, 0, 0]",,,,
,"[0, 1, 2, 1, 0, 0, 0, 0, 0, 0, 1, 0, 1, 3, 0, 2, 1, 0, 1, 2, 3, 1, 1, 1, 1, 3, 3, 0, 0, 0, 0, 0, 0, 0, 0, 0]",,,,
,"[0, 1, 0, 0, 0, 0, 0, 1, 0, 0, 0, 0, 0, 0, 0, 0, 0, 0, 0, 0, 0, 0, 0, 0, 0, 0, 0, 0, 0, 0, 0, 0, 0, 0, 0, 0]",,,,
,"[0, 0, 1, 1, 4, 0, 0, 5, 0, 0, 0, 0, 0, 0, 1, 0, 2, 0, 0, 0, 0, 0, 1, 0, 0, 2, 0, 2, 0, 0, 2, 0, 0, 0, 0, 1]",,,,
,"[0, 0, 1, 1, 1, 0, 0, 0, 0, 0, 0, 0, 2, 2, 1, 3, 1, 0, 0, 0, 2, 0, 0, 0, 0, 3, 0, 2, 0, 0, 2, 0, 1, 0, 0, 0]",,,,
,"[0, 1, 0, 2, 1, 0, 0, 1, 0, 1, 2, 0, 0, 0, 1, 1, 2, 4, 3, 1, 0, 1, 0, 0, 0, 0, 0, 0, 0, 0, 0, 1, 3, 1, 0, 0]",,,,
,"[0, 2, 0, 2, 0, 0, 0, 1, 0, 1, 0, 0, 1, 1, 0, 0, 1, 0, 0, 0, 0, 2, 1, 0, 1, 0, 2, 2, 1, 0, 0, 0, 1, 1, 0, 0]",,,,
,,"[0, 5, 4, 7, 5, 4, 1, 1, 0, 1, 0, 0, 0, 0, 2, 0, 0, 0, 0, 0, 0, 0, 0, 0, 0, 0, 0, 0, 0, 0, 0, 0, 0, 0, 0, 0]",,,
,,"[0, 6, 4, 4, 6, 2, 1, 3, 2, 0, 0, 0, 0, 0, 0, 0, 0, 0, 0, 0, 0, 0, 0, 0, 0, 0, 0, 0, 0, 0, 0, 0, 0, 0, 0, 0]",,,
,,"[0, 0, 5, 2, 3, 0, 7, 6, 2, 3, 0, 0, 0, 0, 0, 0, 0, 0, 0, 0, 0, 0, 0, 0, 0, 0, 0, 0, 0, 0, 0, 0, 0, 0, 0, 0]",,,
,,"[0, 2, 6, 5, 1, 2, 5, 4, 0, 2, 1, 0, 0, 0, 0, 0, 0, 0, 0, 0, 0, 0, 0, 0, 0, 0, 0, 0, 0, 0, 0, 0, 0, 0, 0, 0]",,,
,,"[0, 2, 2, 2, 2, 6, 8, 6, 0, 0, 0, 0, 0, 0, 0, 0, 0, 0, 0, 0, 0, 0, 0, 0, 0, 0, 0, 0, 0, 0, 0, 0, 0, 0, 0, 0]",,,
,,"[1, 2, 1, 0, 0, 0, 0, 1, 11, 4, 3, 4, 2, 3, 2, 1, 0, 0, 1, 0, 2, 0, 2, 0, 0, 0, 1, 1, 1, 0, 0, 3, 0, 1, 0, 0]",,,
,,"[0, 0, 4, 3, 5, 0, 4, 3, 6, 2, 1, 0, 0, 0, 0, 0, 0, 0, 0, 0, 0, 0, 0, 0, 0, 0, 0, 0, 0, 0, 0, 0, 0, 0, 0, 0]",,,
,,"[1, 1, 1, 6, 4, 4, 5, 3, 3, 0, 0, 0, 0, 0, 0, 0, 0, 0, 0, 0, 0, 0, 0, 0, 0, 0, 0, 0, 0, 0, 0, 0, 0, 0, 0, 0]",,,
,,"[0, 4, 3, 0, 3, 2, 7, 5, 2, 1, 0, 0, 1, 0, 0, 0, 0, 0, 0, 0, 0, 0, 0, 0, 0, 0, 0, 0, 0, 0, 0, 0, 0, 0, 0, 0]",,,
,,"[0, 0, 3, 2, 1, 0, 0, 0, 4, 5, 0, 1, 4, 6, 1, 1, 0, 0, 0, 0, 0, 0, 0, 0, 0, 0, 0, 0, 0, 0, 0, 0, 0, 0, 0, 0]",,,
,,"[0, 3, 1, 8, 3, 4, 4, 1, 4, 0, 0, 0, 0, 0, 0, 0, 0, 0, 0, 0, 0, 0, 0, 0, 0, 0, 0, 0, 0, 0, 0, 0, 0, 0, 0, 0]",,,
,,"[0, 2, 4, 6, 2, 2, 5, 2, 3, 2, 0, 0, 0, 0, 0, 0, 0, 0, 0, 0, 0, 0, 0, 0, 0, 0, 0, 0, 0, 0, 0, 0, 0, 0, 0, 0]",,,
,,"[0, 1, 4, 4, 3, 6, 4, 3, 0, 2, 0, 1, 0, 0, 0, 0, 0, 0, 0, 0, 0, 0, 0, 0, 0, 0, 0, 0, 0, 0, 0, 0, 0, 0, 0, 0]",,,
,,"[0, 0, 3, 4, 0, 0, 0, 5, 4, 5, 4, 1, 2, 0, 0, 0, 0, 0, 0, 0, 0, 0, 0, 0, 0, 0, 0, 0, 0, 0, 0, 0, 0, 0, 0, 0]",,,
,,"[0, 0, 6, 0, 6, 10, 4, 1, 0, 1, 0, 0, 0, 0, 0, 0, 0, 0, 0, 0, 0, 0, 0, 0, 0, 0, 0, 0, 0, 0, 0, 0, 0, 0, 0, 0]",,,
,,"[0, 4, 13, 5, 4, 1, 1, 0, 0, 0, 0, 0, 0, 0, 0, 0, 0, 0, 0, 0, 0, 0, 0, 0, 0, 0, 0, 0, 0, 0, 0, 0, 0, 0, 0, 0]",,,
,,"[0, 6, 2, 6, 4, 3, 7, 2, 0, 0, 0, 0, 0, 0, 0, 0, 0, 0, 0, 0, 0, 0, 0, 0, 0, 0, 0, 0, 0, 0, 0, 0, 0, 0, 0, 0]",,,
,,"[0, 2, 1, 5, 8, 3, 6, 3, 0, 0, 0, 0, 0, 0, 0, 0, 0, 0, 0, 0, 0, 0, 0, 0, 0, 0, 0, 0, 0, 0, 0, 0, 0, 0, 0, 0]",,,
,,"[0, 0, 2, 4, 3, 0, 0, 7, 5, 2, 3, 2, 0, 0, 0, 0, 0, 0, 0, 0, 0, 0, 0, 0, 0, 0, 0, 0, 0, 0, 0, 0, 0, 0, 0, 0]",,,
,,"[0, 5, 11, 6, 2, 4, 2, 0, 0, 0, 0, 0, 0, 0, 0, 0, 0, 0, 0, 0, 0, 0, 0, 0, 0, 0, 0, 0, 0, 0, 0, 0, 0, 0, 0, 0]",,,
,,"[0, 2, 1, 1, 1, 0, 1, 3, 2, 7, 6, 1, 2, 1, 0, 0, 0, 0, 0, 0, 0, 0, 0, 0, 0, 0, 0, 0, 0, 0, 0, 0, 0, 0, 0, 0]",,,
,,"[0, 0, 3, 9, 5, 3, 5, 0, 2, 0, 1, 0, 0, 0, 0, 0, 0, 0, 0, 0, 0, 0, 0, 0, 0, 0, 0, 0, 0, 0, 0, 0, 0, 0, 0, 0]",,,
,,"[0, 1, 4, 2, 2, 0, 6, 6, 4, 1, 0, 1, 1, 0, 0, 0, 0, 0, 0, 0, 0, 0, 0, 0, 0, 0, 0, 0, 0, 0, 0, 0, 0, 0, 0, 0]",,,
,,"[0, 4, 6, 10, 3, 2, 3, 0, 0, 0, 0, 0, 0, 0, 0, 0, 0, 0, 0, 0, 0, 0, 0, 0, 0, 0, 0, 0, 0, 0, 0, 0, 0, 0, 0, 0]",,,
,,"[0, 1, 2, 3, 3, 8, 9, 2, 0, 0, 0, 0, 0, 0, 0, 0, 0, 0, 0, 0, 0, 0, 0, 0, 0, 0, 0, 0, 0, 0, 0, 0, 0, 0, 0, 0]",,,
,,"[0, 3, 1, 2, 4, 2, 4, 5, 3, 1, 1, 0, 2, 0, 0, 0, 0, 0, 0, 0, 0, 0, 0, 0, 0, 0, 0, 0, 0, 0, 0, 0, 0, 0, 0, 0]",,,
,,"[0, 2, 8, 2, 1, 1, 3, 5, 2, 2, 2, 0, 0, 0, 0, 0, 0, 0, 0, 0, 0, 0, 0, 0, 0, 0, 0, 0, 0, 0, 0, 0, 0, 0, 0, 0]",,,
,,"[0, 1, 3, 5, 0, 0, 3, 2, 9, 2, 2, 1, 0, 0, 0, 0, 0, 0, 0, 0, 0, 0, 0, 0, 0, 0, 0, 0, 0, 0, 0, 0, 0, 0, 0, 0]",,,
,,"[0, 0, 2, 5, 3, 3, 1, 1, 7, 5, 0, 0, 1, 0, 0, 0, 0, 0, 0, 0, 0, 0, 0, 0, 0, 0, 0, 0, 0, 0, 0, 0, 0, 0, 0, 0]",,,
,,"[0, 2, 6, 7, 4, 0, 5, 2, 2, 0, 0, 0, 0, 0, 0, 0, 0, 0, 0, 0, 0, 0, 0, 0, 0, 0, 0, 0, 0, 0, 0, 0, 0, 0, 0, 0]",,,
,,"[0, 0, 4, 1, 2, 0, 0, 0, 5, 7, 4, 1, 1, 3, 0, 0, 0, 0, 0, 0, 0, 0, 0, 0, 0, 0, 0, 0, 0, 0, 0, 0, 0, 0, 0, 0]",,,
,,"[0, 3, 4, 7, 4, 1, 4, 4, 0, 1, 0, 0, 0, 0, 0, 0, 0, 0, 0, 0, 0, 0, 0, 0, 0, 0, 0, 0, 0, 0, 0, 0, 0, 0, 0, 0]",,,
,,"[0, 3, 2, 1, 2, 0, 0, 0, 2, 14, 2, 0, 2, 0, 0, 0, 0, 0, 0, 0, 0, 0, 0, 0, 0, 0, 0, 0, 0, 0, 0, 0, 0, 0, 0, 0]",,,
,,"[0, 1, 6, 3, 3, 6, 5, 2, 1, 0, 0, 1, 0, 0, 0, 0, 0, 0, 0, 0, 0, 0, 0, 0, 0, 0, 0, 0, 0, 0, 0, 0, 0, 0, 0, 0]",,,
,,"[0, 4, 8, 10, 2, 2, 1, 0, 0, 0, 0, 0, 0, 0, 1, 0, 0, 0, 0, 0, 0, 0, 0, 0, 0, 0, 0, 0, 0, 0, 0, 0, 0, 0, 0, 0]",,,
,,"[0, 2, 6, 6, 8, 0, 3, 3, 2, 0, 0, 0, 0, 0, 0, 0, 0, 0, 0, 0, 0, 0, 0, 0, 0, 0, 0, 0, 0, 0, 0, 0, 0, 0, 0, 0]",,,
,,"[0, 3, 3, 1, 1, 2, 7, 2, 6, 0, 1, 0, 1, 1, 0, 0, 0, 0, 0, 0, 0, 0, 0, 0, 0, 0, 0, 0, 0, 0, 0, 0, 0, 0, 0, 0]",,,
,,"[0, 1, 4, 3, 1, 1, 9, 6, 2, 1, 0, 0, 0, 0, 0, 0, 0, 0, 0, 0, 0, 0, 0, 0, 0, 0, 0, 0, 0, 0, 0, 0, 0, 0, 0, 0]",,,
,,"[0, 4, 7, 3, 2, 3, 4, 3, 2, 0, 0, 0, 0, 0, 0, 0, 0, 0, 0, 0, 0, 0, 0, 0, 0, 0, 0, 0, 0, 0, 0, 0, 0, 0, 0, 0]",,,
,,"[0, 4, 2, 0, 0, 1, 7, 9, 3, 0, 1, 0, 1, 0, 0, 0, 0, 0, 0, 0, 0, 0, 0, 0, 0, 0, 0, 0, 0, 0, 0, 0, 0, 0, 0, 0]",,,
,,"[0, 2, 4, 2, 2, 1, 2, 10, 2, 1, 0, 0, 2, 0, 0, 0, 0, 0, 0, 0, 0, 0, 0, 0, 0, 0, 0, 0, 0, 0, 0, 0, 0, 0, 0, 0]",,,
,,"[0, 0, 1, 2, 2, 0, 1, 3, 10, 7, 1, 0, 1, 0, 0, 0, 0, 0, 0, 0, 0, 0, 0, 0, 0, 0, 0, 0, 0, 0, 0, 0, 0, 0, 0, 0]",,,
,,"[0, 0, 3, 2, 1, 0, 0, 1, 4, 9, 4, 1, 1, 1, 1, 0, 0, 0, 0, 0, 0, 0, 0, 0, 0, 0, 0, 0, 0, 0, 0, 0, 0, 0, 0, 0]",,,
,,"[0, 3, 6, 4, 2, 3, 6, 2, 2, 0, 0, 0, 0, 0, 0, 0, 0, 0, 0, 0, 0, 0, 0, 0, 0, 0, 0, 0, 0, 0, 0, 0, 0, 0, 0, 0]",,,
,,"[0, 1, 3, 2, 0, 1, 2, 7, 4, 3, 0, 1, 2, 2, 0, 0, 0, 0, 0, 0, 0, 0, 0, 0, 0, 0, 0, 0, 0, 0, 0, 0, 0, 0, 0, 0]",,,
,,"[0, 0, 3, 8, 11, 2, 3, 1, 0, 0, 0, 0, 0, 0, 0, 0, 0, 0, 0, 0, 0, 0, 0, 0, 0, 0, 0, 0, 0, 0, 0, 0, 0, 0, 0, 0]",,,
,,"[0, 1, 4, 5, 1, 1, 3, 6, 3, 2, 2, 0, 0, 0, 0, 0, 0, 0, 0, 0, 0, 0, 0, 0, 0, 0, 0, 0, 0, 0, 0, 0, 0, 0, 0, 0]",,,
,,"[0, 3, 3, 6, 3, 2, 5, 2, 3, 1, 0, 0, 0, 0, 0, 0, 0, 0, 0, 0, 0, 0, 0, 0, 0, 0, 0, 0, 0, 0, 0, 0, 0, 0, 0, 0]",,,
,,"[0, 0, 2, 4, 3, 4, 6, 2, 4, 0, 1, 0, 1, 1, 0, 0, 0, 0, 0, 0, 0, 0, 0, 0, 0, 0, 0, 0, 0, 0, 0, 0, 0, 0, 0, 0]",,,
,,"[0, 2, 1, 1, 1, 0, 0, 8, 3, 5, 5, 0, 0, 0, 2, 0, 0, 0, 0, 0, 0, 0, 0, 0, 0, 0, 0, 0, 0, 0, 0, 0, 0, 0, 0, 0]",,,
,,,"[0, 8, 11, 11, 4, 3, 1, 1, 0, 2, 0, 2, 1, 0, 3, 2, 0, 0, 2, 1, 0, 2, 0, 0, 0, 1, 1, 2, 2, 2, 0, 1, 1, 1, 0, 0]",,
,,,"[0, 5, 7, 14, 1, 1, 0, 0, 0, 0, 0, 0, 0, 0, 0, 0, 0, 0, 0, 0, 0, 0, 0, 0, 0, 0, 0, 0, 0, 0, 0, 0, 0, 0, 0, 0]",,
,,,"[0, 5, 21, 1, 1, 0, 0, 0, 0, 0, 0, 0, 0, 0, 0, 0, 0, 0, 0, 0, 0, 0, 0, 0, 0, 0, 0, 0, 0, 0, 0, 0, 0, 0, 0, 0]",,
,,,"[0, 5, 12, 8, 1, 2, 0, 0, 0, 0, 0, 0, 0, 0, 0, 0, 0, 0, 0, 0, 0, 0, 0, 0, 0, 0, 0, 0, 0, 0, 0, 0, 0, 0, 0, 0]",,
,,,"[0, 5, 12, 11, 0, 0, 0, 0, 0, 0, 0, 0, 0, 0, 0, 0, 0, 0, 0, 0, 0, 0, 0, 0, 0, 0, 0, 0, 0, 0, 0, 0, 0, 0, 0, 0]",,
,,,"[0, 11, 20, 1, 2, 3, 1, 0, 0, 1, 1, 1, 2, 0, 2, 2, 0, 0, 1, 1, 0, 2, 0, 0, 0, 1, 1, 2, 3, 0, 0, 2, 1, 1, 0, 0]",,
,,,"[1, 10, 15, 11, 1, 4, 2, 2, 1, 3, 0, 4, 3, 2, 4, 3, 1, 1, 3, 3, 1, 4, 0, 0, 3, 1, 3, 3, 4, 2, 3, 3, 2, 1, 0, 0]",,
,,,"[0, 18, 15, 5, 1, 5, 2, 2, 2, 3, 0, 3, 3, 1, 4, 3, 1, 1, 4, 3, 1, 3, 1, 0, 2, 3, 2, 4, 3, 1, 2, 4, 2, 2, 0, 0]",,
,,,"[0, 5, 17, 6, 0, 0, 0, 0, 0, 0, 0, 0, 0, 0, 0, 0, 0, 0, 0, 0, 0, 0, 0, 0, 0, 0, 0, 0, 0, 0, 0, 0, 0, 0, 0, 0]",,
,,,"[0, 11, 17, 1, 0, 1, 1, 0, 0, 0, 0, 0, 0, 0, 0, 0, 0, 0, 0, 0, 0, 0, 0, 0, 0, 0, 0, 0, 0, 0, 0, 0, 0, 0, 0, 0]",,
,,,"[0, 4, 17, 6, 1, 0, 0, 0, 0, 0, 0, 0, 0, 0, 0, 0, 0, 0, 0, 0, 0, 0, 0, 0, 0, 0, 0, 0, 0, 0, 0, 0, 0, 0, 0, 0]",,
,,,"[0, 12, 12, 4, 0, 0, 0, 0, 0, 0, 0, 0, 0, 0, 0, 0, 0, 0, 0, 0, 0, 0, 0, 0, 0, 0, 0, 0, 0, 0, 0, 0, 0, 0, 0, 0]",,
,,,"[0, 6, 12, 9, 1, 0, 0, 0, 0, 0, 0, 0, 0, 0, 0, 0, 0, 0, 0, 0, 0, 0, 0, 0, 0, 0, 0, 0, 0, 0, 0, 0, 0, 0, 0, 0]",,
,,,"[0, 13, 16, 4, 2, 2, 1, 1, 0, 2, 0, 2, 1, 1, 1, 2, 0, 0, 0, 2, 0, 2, 0, 0, 0, 0, 2, 2, 1, 0, 0, 2, 1, 1, 0, 0]",,
,,,"[0, 5, 10, 12, 3, 1, 0, 0, 0, 0, 0, 0, 0, 0, 0, 0, 0, 0, 0, 0, 0, 0, 0, 0, 0, 0, 0, 0, 0, 0, 0, 0, 0, 0, 0, 0]",,
,,,"[0, 9, 9, 8, 2, 0, 0, 0, 0, 0, 0, 0, 0, 0, 0, 0, 0, 0, 0, 0, 0, 0, 0, 0, 0, 0, 0, 0, 0, 0, 0, 0, 0, 0, 0, 0]",,
,,,"[0, 5, 9, 11, 4, 2, 0, 0, 0, 0, 0, 0, 0, 0, 0, 0, 0, 0, 0, 0, 0, 0, 0, 0, 0, 0, 0, 0, 0, 0, 0, 0, 0, 0, 0, 0]",,
,,,"[0, 4, 4, 6, 1, 10, 3, 0, 0, 0, 0, 0, 0, 0, 0, 0, 0, 0, 0, 0, 0, 0, 0, 0, 0, 0, 0, 0, 0, 0, 0, 0, 0, 0, 0, 0]",,
,,,"[0, 6, 12, 9, 1, 0, 0, 0, 0, 0, 0, 0, 0, 0, 0, 0, 0, 0, 0, 0, 0, 0, 0, 0, 0, 0, 0, 0, 0, 0, 0, 0, 0, 0, 0, 0]",,
,,,"[1, 13, 9, 6, 1, 0, 0, 0, 0, 0, 0, 0, 0, 0, 0, 0, 0, 0, 0, 0, 0, 0, 0, 0, 0, 0, 0, 0, 0, 0, 0, 0, 0, 0, 0, 0]",,
,,,"[0, 5, 10, 12, 1, 0, 0, 0, 0, 0, 0, 0, 0, 0, 0, 0, 0, 0, 0, 0, 0, 0, 0, 0, 0, 0, 0, 0, 0, 0, 0, 0, 0, 0, 0, 0]",,
,,,"[0, 4, 3, 11, 6, 4, 0, 0, 0, 0, 0, 0, 0, 0, 0, 0, 0, 0, 0, 0, 0, 0, 0, 0, 0, 0, 0, 0, 0, 0, 0, 0, 0, 0, 0, 0]",,
,,,"[0, 1, 13, 13, 1, 0, 0, 0, 0, 0, 0, 0, 0, 0, 0, 0, 0, 0, 0, 0, 0, 0, 0, 0, 0, 0, 0, 0, 0, 0, 0, 0, 0, 0, 0, 0]",,
,,,"[0, 8, 16, 4, 0, 0, 0, 0, 0, 0, 0, 0, 0, 0, 0, 0, 0, 0, 0, 0, 0, 0, 0, 0, 0, 0, 0, 0, 0, 0, 0, 0, 0, 0, 0, 0]",,
,,,"[0, 6, 8, 6, 5, 0, 2, 1, 0, 0, 0, 0, 0, 0, 0, 0, 0, 0, 0, 0, 0, 0, 0, 0, 0, 0, 0, 0, 0, 0, 0, 0, 0, 0, 0, 0]",,
,,,"[1, 14, 10, 4, 1, 1, 0, 0, 0, 0, 0, 0, 0, 0, 0, 0, 0, 0, 0, 0, 0, 0, 0, 0, 0, 0, 0, 0, 0, 0, 0, 0, 0, 0, 0, 0]",,
,,,"[0, 7, 13, 4, 4, 2, 0, 1, 0, 0, 0, 0, 0, 0, 0, 0, 0, 0, 0, 0, 0, 0, 0, 0, 0, 0, 0, 0, 0, 0, 0, 0, 0, 0, 0, 0]",,
,,,"[0, 3, 6, 14, 5, 0, 0, 0, 0, 0, 0, 0, 0, 0, 0, 0, 0, 0, 0, 0, 0, 0, 0, 0, 0, 0, 0, 0, 0, 0, 0, 0, 0, 0, 0, 0]",,
,,,"[0, 6, 12, 9, 2, 2, 0, 0, 0, 0, 0, 0, 0, 0, 0, 0, 0, 0, 0, 0, 0, 0, 0, 0, 0, 0, 0, 0, 0, 0, 0, 0, 0, 0, 0, 0]",,
,,,"[0, 2, 8, 7, 6, 4, 1, 0, 0, 0, 0, 0, 0, 0, 0, 0, 0, 0, 0, 0, 0, 0, 0, 0, 0, 0, 0, 0, 0, 0, 0, 0, 0, 0, 0, 0]",,
,,,"[0, 6, 3, 12, 4, 3, 0, 0, 0, 0, 0, 0, 0, 0, 0, 0, 0, 0, 0, 0, 0, 0, 0, 0, 0, 0, 0, 0, 0, 0, 0, 0, 0, 0, 0, 0]",,
,,,"[0, 9, 10, 6, 1, 0, 1, 1, 0, 0, 0, 0, 0, 0, 0, 0, 0, 0, 0, 0, 0, 0, 0, 0, 0, 0, 0, 0, 0, 0, 0, 0, 0, 0, 0, 0]",,
,,,"[0, 3, 9, 11, 4, 2, 2, 0, 0, 0, 0, 0, 0, 0, 0, 0, 0, 0, 0, 0, 0, 0, 0, 0, 0, 0, 0, 0, 0, 0, 0, 0, 0, 0, 0, 0]",,
,,,"[0, 6, 12, 10, 1, 2, 0, 0, 0, 0, 0, 0, 0, 0, 0, 0, 0, 0, 0, 0, 0, 0, 0, 0, 0, 0, 0, 0, 0, 0, 0, 0, 0, 0, 0, 0]",,
,,,"[0, 5, 2, 5, 4, 12, 0, 0, 0, 0, 0, 0, 0, 0, 0, 0, 0, 0, 0, 0, 0, 0, 0, 0, 0, 0, 0, 0, 0, 0, 0, 0, 0, 0, 0, 0]",,
,,,"[0, 12, 11, 5, 0, 3, 0, 0, 0, 0, 0, 0, 0, 0, 0, 0, 0, 0, 0, 0, 0, 0, 0, 0, 0, 0, 0, 0, 0, 0, 0, 0, 0, 0, 0, 0]",,
,,,"[0, 6, 5, 11, 6, 0, 0, 0, 0, 0, 0, 0, 0, 0, 0, 0, 0, 0, 0, 0, 0, 0, 0, 0, 0, 0, 0, 0, 0, 0, 0, 0, 0, 0, 0, 0]",,
,,,"[0, 1, 12, 12, 2, 1, 0, 0, 0, 0, 0, 0, 0, 0, 0, 0, 0, 0, 0, 0, 0, 0, 0, 0, 0, 0, 0, 0, 0, 0, 0, 0, 0, 0, 0, 0]",,
,,,"[0, 3, 11, 10, 2, 2, 0, 0, 0, 0, 0, 0, 0, 0, 0, 0, 0, 0, 0, 0, 0, 0, 0, 0, 0, 0, 0, 0, 0, 0, 0, 0, 0, 0, 0, 0]",,
,,,"[0, 2, 10, 12, 4, 0, 0, 0, 0, 0, 0, 0, 0, 0, 0, 0, 0, 0, 0, 0, 0, 0, 0, 0, 0, 0, 0, 0, 0, 0, 0, 0, 0, 0, 0, 0]",,
,,,"[0, 13, 13, 2, 0, 0, 0, 0, 0, 0, 0, 0, 0, 0, 0, 0, 0, 0, 0, 0, 0, 0, 0, 0, 0, 0, 0, 0, 0, 0, 0, 0, 0, 0, 0, 0]",,
,,,"[0, 3, 10, 12, 1, 1, 1, 0, 0, 0, 0, 0, 0, 0, 0, 0, 0, 0, 0, 0, 0, 0, 0, 0, 0, 0, 0, 0, 0, 0, 0, 0, 0, 0, 0, 0]",,
,,,"[0, 4, 9, 13, 1, 1, 0, 0, 0, 0, 0, 0, 0, 0, 0, 0, 0, 0, 0, 0, 0, 0, 0, 0, 0, 0, 0, 0, 0, 0, 0, 0, 0, 0, 0, 0]",,
,,,"[0, 6, 9, 11, 3, 1, 0, 0, 0, 0, 0, 0, 0, 0, 0, 0, 0, 0, 0, 0, 0, 0, 0, 0, 0, 0, 0, 0, 0, 0, 0, 0, 0, 0, 0, 0]",,
,,,"[0, 1, 8, 17, 2, 0, 0, 0, 0, 0, 0, 0, 0, 0, 0, 0, 0, 0, 0, 0, 0, 0, 0, 0, 0, 0, 0, 0, 0, 0, 0, 0, 0, 0, 0, 0]",,
,,,"[0, 8, 0, 8, 12, 3, 3, 2, 0, 0, 1, 2, 1, 0, 3, 2, 0, 0, 1, 1, 0, 2, 0, 0, 0, 0, 1, 3, 2, 1, 0, 3, 1, 0, 0, 0]",,
,,,"[0, 5, 18, 7, 2, 3, 1, 1, 0, 1, 1, 2, 1, 0, 2, 2, 0, 0, 1, 1, 1, 2, 0, 0, 0, 0, 1, 3, 0, 0, 0, 2, 1, 0, 1, 0]",,
,,,"[0, 4, 10, 12, 9, 2, 1, 1, 0, 0, 1, 2, 2, 0, 1, 2, 1, 0, 2, 0, 0, 2, 0, 0, 0, 1, 1, 3, 2, 1, 0, 2, 1, 0, 0, 0]",,
,,,"[0, 4, 19, 4, 2, 1, 0, 0, 0, 0, 0, 0, 0, 0, 0, 0, 0, 0, 0, 0, 0, 0, 0, 0, 0, 0, 0, 0, 0, 0, 0, 0, 0, 0, 0, 0]",,
,,,"[0, 7, 15, 6, 0, 0, 0, 0, 0, 0, 0, 0, 0, 0, 0, 0, 0, 0, 0, 0, 0, 0, 0, 0, 0, 0, 0, 0, 0, 0, 0, 0, 0, 0, 0, 0]",,
,,,,"[0, 10, 8, 10, 2, 1, 0, 0, 0, 0, 0, 0, 0, 0, 0, 0, 0, 0, 0, 0, 0, 0, 0, 0, 0, 0, 0, 0, 0, 0, 0, 0, 0, 0, 0, 0]",
,,,,"[0, 5, 10, 12, 1, 0, 0, 0, 0, 0, 0, 0, 0, 0, 0, 0, 0, 0, 0, 0, 0, 0, 0, 0, 0, 0, 0, 0, 0, 0, 0, 0, 0, 0, 0, 0]",
,,,,"[1, 12, 14, 2, 0, 1, 1, 0, 0, 0, 0, 0, 0, 0, 0, 0, 0, 0, 0, 0, 0, 0, 0, 0, 0, 0, 0, 0, 0, 0, 0, 0, 0, 0, 0, 0]",
,,,,"[0, 21, 7, 0, 0, 0, 0, 0, 0, 0, 0, 0, 0, 0, 0, 0, 0, 0, 0, 0, 0, 0, 0, 0, 0, 0, 0, 0, 0, 0, 0, 0, 0, 0, 0, 0]",
,,,,"[0, 4, 17, 7, 0, 0, 0, 0, 0, 0, 0, 0, 0, 0, 0, 0, 0, 0, 0, 0, 0, 0, 0, 0, 0, 0, 0, 0, 0, 0, 0, 0, 0, 0, 0, 0]",
,,,,"[0, 11, 18, 9, 2, 6, 1, 2, 1, 3, 1, 4, 3, 2, 3, 4, 1, 1, 3, 3, 1, 3, 1, 0, 2, 3, 3, 4, 2, 1, 3, 3, 3, 1, 0, 0]",
,,,,"[0, 11, 13, 4, 0, 0, 0, 0, 0, 0, 0, 0, 0, 0, 0, 0, 0, 0, 0, 0, 0, 0, 0, 0, 0, 0, 0, 0, 0, 0, 0, 0, 0, 0, 0, 0]",
,,,,"[0, 16, 15, 1, 2, 2, 0, 1, 0, 2, 0, 2, 1, 1, 2, 1, 1, 0, 1, 1, 0, 2, 0, 0, 0, 0, 2, 2, 2, 1, 0, 2, 1, 0, 0, 0]",
,,,,"[1, 17, 11, 0, 0, 0, 0, 0, 0, 0, 0, 0, 0, 0, 0, 0, 0, 0, 0, 0, 0, 0, 0, 0, 0, 0, 0, 0, 0, 0, 0, 0, 0, 0, 0, 0]",
,,,,"[0, 8, 21, 1, 0, 1, 0, 0, 0, 0, 0, 0, 0, 0, 0, 0, 0, 0, 0, 0, 0, 0, 0, 0, 0, 0, 0, 0, 0, 0, 0, 0, 0, 0, 0, 0]",
,,,,"[0, 14, 15, 1, 0, 1, 0, 0, 0, 0, 0, 0, 0, 0, 0, 0, 0, 0, 0, 0, 0, 0, 0, 0, 0, 0, 0, 0, 0, 0, 0, 0, 0, 0, 0, 0]",
,,,,"[0, 7, 17, 4, 0, 0, 0, 0, 0, 0, 0, 0, 0, 0, 0, 0, 0, 0, 0, 0, 0, 0, 0, 0, 0, 0, 0, 0, 0, 0, 0, 0, 0, 0, 0, 0]",
,,,,"[0, 10, 18, 0, 0, 0, 0, 0, 0, 0, 0, 0, 0, 0, 0, 0, 0, 0, 0, 0, 0, 0, 0, 0, 0, 0, 0, 0, 0, 0, 0, 0, 0, 0, 0, 0]",
,,,,"[0, 14, 15, 4, 2, 4, 0, 1, 0, 0, 2, 0, 2, 0, 3, 2, 0, 1, 0, 2, 0, 2, 0, 0, 0, 0, 2, 2, 3, 0, 0, 2, 1, 1, 0, 0]",
,,,,"[0, 5, 7, 15, 1, 0, 0, 0, 0, 0, 0, 0, 0, 0, 0, 0, 0, 0, 0, 0, 0, 0, 0, 0, 0, 0, 0, 0, 0, 0, 0, 0, 0, 0, 0, 0]",
,,,,"[0, 12, 16, 0, 0, 0, 0, 0, 0, 0, 0, 0, 0, 0, 0, 0, 0, 0, 0, 0, 0, 0, 0, 0, 0, 0, 0, 0, 0, 0, 0, 0, 0, 0, 0, 0]",
,,,,"[1, 11, 13, 16, 7, 5, 4, 3, 3, 4, 0, 7, 3, 3, 5, 5, 3, 3, 4, 4, 3, 5, 1, 1, 5, 4, 4, 5, 7, 1, 4, 4, 3, 4, 0, 1]",
,,,,"[0, 9, 14, 7, 0, 1, 0, 0, 0, 0, 0, 0, 0, 0, 0, 0, 0, 0, 0, 0, 0, 0, 0, 0, 0, 0, 0, 0, 0, 0, 0, 0, 0, 0, 0, 0]",
,,,,"[0, 5, 12, 11, 0, 0, 0, 0, 0, 0, 0, 0, 0, 0, 0, 0, 0, 0, 0, 0, 0, 0, 0, 0, 0, 0, 0, 0, 0, 0, 0, 0, 0, 0, 0, 0]",
,,,,"[0, 15, 13, 0, 0, 0, 0, 0, 0, 0, 0, 0, 0, 0, 0, 0, 0, 0, 0, 0, 0, 0, 0, 0, 0, 0, 0, 0, 0, 0, 0, 0, 0, 0, 0, 0]",
,,,,"[0, 3, 18, 7, 0, 0, 0, 0, 0, 0, 0, 0, 0, 0, 0, 0, 0, 0, 0, 0, 0, 0, 0, 0, 0, 0, 0, 0, 0, 0, 0, 0, 0, 0, 0, 0]",
,,,,"[0, 12, 18, 7, 3, 5, 1, 3, 2, 3, 0, 3, 3, 2, 4, 3, 1, 2, 3, 3, 0, 5, 0, 1, 2, 2, 4, 2, 4, 2, 3, 3, 2, 1, 1, 0]",
,,,,"[0, 20, 7, 1, 0, 0, 0, 0, 0, 0, 0, 0, 0, 0, 0, 0, 0, 0, 0, 0, 0, 0, 0, 0, 0, 0, 0, 0, 0, 0, 0, 0, 0, 0, 0, 0]",
,,,,"[0, 18, 14, 1, 2, 3, 1, 1, 0, 1, 1, 1, 2, 0, 2, 2, 1, 1, 0, 2, 0, 1, 1, 0, 0, 0, 2, 2, 1, 0, 0, 3, 1, 0, 0, 0]",
,,,,"[0, 14, 13, 3, 0, 1, 0, 0, 0, 0, 0, 0, 0, 0, 0, 0, 0, 0, 0, 0, 0, 0, 0, 0, 0, 0, 0, 0, 0, 0, 0, 0, 0, 0, 0, 0]",
,,,,"[0, 10, 9, 13, 3, 2, 1, 1, 0, 2, 0, 2, 1, 1, 2, 2, 0, 0, 1, 2, 0, 1, 1, 0, 0, 0, 2, 2, 2, 1, 0, 2, 0, 0, 1, 0]",
,,,,"[0, 5, 20, 3, 0, 0, 0, 0, 0, 0, 0, 0, 0, 0, 0, 0, 0, 0, 0, 0, 0, 0, 0, 0, 0, 0, 0, 0, 0, 0, 0, 0, 0, 0, 0, 0]",
,,,,"[0, 27, 5, 1, 2, 3, 0, 1, 0, 2, 0, 2, 1, 1, 2, 2, 0, 0, 2, 1, 0, 2, 0, 0, 0, 0, 2, 2, 2, 0, 1, 2, 1, 1, 0, 0]",
,,,,"[0, 8, 19, 1, 0, 0, 0, 0, 0, 0, 0, 0, 0, 0, 0, 0, 0, 0, 0, 0, 0, 0, 0, 0, 0, 0, 0, 0, 0, 0, 0, 0, 0, 0, 0, 0]",
,,,,"[0, 18, 11, 1, 0, 1, 0, 0, 0, 0, 0, 0, 0, 0, 0, 0, 0, 0, 0, 0, 0, 0, 0, 0, 0, 0, 0, 0, 0, 0, 0, 0, 0, 0, 0, 0]",
,,,,"[0, 24, 6, 0, 0, 1, 0, 0, 0, 0, 0, 0, 0, 0, 0, 0, 0, 0, 0, 0, 0, 0, 0, 0, 0, 0, 0, 0, 0, 0, 0, 0, 0, 0, 0, 0]",
,,,,"[1, 7, 9, 14, 3, 3, 1, 0, 1, 0, 1, 2, 2, 0, 2, 2, 1, 0, 1, 1, 0, 2, 0, 0, 0, 0, 2, 2, 3, 1, 0, 1, 1, 1, 0, 0]",
,,,,"[0, 14, 16, 7, 1, 5, 2, 2, 2, 2, 1, 4, 3, 2, 3, 4, 1, 1, 1, 4, 2, 3, 1, 0, 2, 2, 3, 3, 5, 0, 3, 3, 3, 1, 0, 0]",
,,,,"[0, 7, 17, 4, 0, 0, 0, 0, 0, 0, 0, 0, 0, 0, 0, 0, 0, 0, 0, 0, 0, 0, 0, 0, 0, 0, 0, 0, 0, 0, 0, 0, 0, 0, 0, 0]",
,,,,"[0, 6, 17, 5, 0, 0, 0, 0, 0, 0, 0, 0, 0, 0, 0, 0, 0, 0, 0, 0, 0, 0, 0, 0, 0, 0, 0, 0, 0, 0, 0, 0, 0, 0, 0, 0]",
,,,,"[1, 9, 21, 1, 3, 3, 0, 1, 0, 1, 1, 2, 1, 1, 1, 3, 0, 1, 0, 2, 0, 2, 0, 0, 0, 0, 2, 2, 2, 0, 0, 3, 0, 1, 0, 0]",
,,,,"[0, 19, 9, 0, 0, 0, 0, 0, 0, 0, 0, 0, 0, 0, 0, 0, 0, 0, 0, 0, 0, 0, 0, 0, 0, 0, 0, 0, 0, 0, 0, 0, 0, 0, 0, 0]",
,,,,"[0, 13, 21, 5, 7, 8, 3, 3, 1, 7, 0, 6, 4, 4, 4, 5, 4, 1, 5, 4, 2, 6, 3, 0, 4, 4, 4, 5, 5, 2, 5, 4, 5, 3, 1, 2]",
,,,,"[0, 4, 6, 13, 5, 0, 0, 0, 0, 0, 0, 0, 0, 0, 0, 0, 0, 0, 0, 0, 0, 0, 0, 0, 0, 0, 0, 0, 0, 0, 0, 0, 0, 0, 0, 0]",
,,,,"[0, 12, 14, 4, 0, 1, 0, 0, 0, 0, 0, 0, 0, 0, 0, 0, 0, 0, 0, 0, 0, 0, 0, 0, 0, 0, 0, 0, 0, 0, 0, 0, 0, 0, 0, 0]",
,,,,"[1, 6, 17, 6, 0, 1, 0, 0, 0, 0, 0, 0, 0, 0, 0, 0, 0, 0, 0, 0, 0, 0, 0, 0, 0, 0, 0, 0, 0, 0, 0, 0, 0, 0, 0, 0]",
,,,,"[0, 11, 14, 3, 0, 0, 0, 0, 0, 0, 0, 0, 0, 0, 0, 0, 0, 0, 0, 0, 0, 0, 0, 0, 0, 0, 0, 0, 0, 0, 0, 0, 0, 0, 0, 0]",
,,,,"[0, 3, 19, 5, 1, 0, 0, 0, 0, 0, 0, 0, 0, 0, 0, 0, 0, 0, 0, 0, 0, 0, 0, 0, 0, 0, 0, 0, 0, 0, 0, 0, 0, 0, 0, 0]",
,,,,"[0, 8, 20, 2, 0, 1, 0, 0, 0, 0, 0, 0, 0, 0, 0, 0, 0, 0, 0, 0, 0, 0, 0, 0, 0, 0, 0, 0, 0, 0, 0, 0, 0, 0, 0, 0]",
,,,,"[0, 14, 18, 7, 4, 6, 3, 5, 1, 5, 1, 6, 2, 4, 4, 6, 2, 3, 4, 4, 3, 4, 3, 0, 4, 5, 4, 5, 5, 2, 4, 4, 4, 4, 0, 1]",
,,,,"[0, 13, 15, 5, 1, 4, 0, 1, 0, 2, 0, 2, 1, 0, 3, 2, 0, 1, 0, 2, 0, 1, 1, 0, 0, 0, 2, 2, 2, 0, 0, 3, 0, 1, 0, 0]",
,,,,"[0, 8, 17, 5, 0, 1, 0, 0, 0, 0, 0, 0, 0, 0, 0, 0, 0, 0, 0, 0, 0, 0, 0, 0, 0, 0, 0, 0, 0, 0, 0, 0, 0, 0, 0, 0]",
,,,,"[0, 18, 10, 0, 0, 0, 0, 0, 0, 0, 0, 0, 0, 0, 0, 0, 0, 0, 0, 0, 0, 0, 0, 0, 0, 0, 0, 0, 0, 0, 0, 0, 0, 0, 0, 0]",
,,,,"[0, 9, 23, 5, 2, 5, 1, 2, 1, 3, 1, 3, 4, 2, 3, 3, 3, 1, 3, 3, 0, 5, 0, 0, 3, 2, 3, 4, 4, 1, 2, 3, 3, 2, 0, 0]",
,,,,"[0, 9, 19, 0, 0, 0, 0, 0, 0, 0, 0, 0, 0, 0, 0, 0, 0, 0, 0, 0, 0, 0, 0, 0, 0, 0, 0, 0, 0, 0, 0, 0, 0, 0, 0, 0]",
,,,,,"[0, 11, 19, 0, 0, 1, 0, 0, 0, 0, 0, 0, 0, 0, 0, 0, 0, 0, 0, 0, 0, 0, 0, 0, 0, 0, 0, 0, 0, 0, 0, 0, 0, 0, 0, 0]"
,,,,,"[1, 27, 10, 4, 4, 7, 3, 4, 1, 5, 1, 6, 5, 3, 4, 5, 4, 2, 4, 4, 3, 5, 2, 0, 5, 4, 4, 4, 7, 2, 4, 4, 4, 4, 1, 0]"
,,,,,"[0, 29, 1, 0, 0, 1, 0, 0, 0, 0, 0, 0, 0, 0, 0, 0, 0, 0, 0, 0, 0, 0, 0, 0, 0, 0, 0, 0, 0, 0, 0, 0, 0, 0, 0, 0]"
,,,,,"[1, 34, 3, 4, 5, 7, 3, 3, 4, 4, 1, 5, 5, 4, 4, 5, 2, 4, 5, 4, 2, 6, 3, 0, 4, 5, 4, 4, 7, 1, 4, 6, 3, 4, 0, 0]"
,,,,,"[2, 22, 11, 3, 3, 5, 1, 3, 2, 2, 0, 5, 3, 2, 3, 3, 3, 1, 3, 3, 1, 3, 2, 0, 2, 3, 3, 3, 3, 1, 3, 3, 3, 1, 0, 0]"
,,,,,"[0, 4, 14, 10, 0, 0, 0, 0, 0, 0, 0, 0, 0, 0, 0, 0, 0, 0, 0, 0, 0, 0, 0, 0, 0, 0, 0, 0, 0, 0, 0, 0, 0, 0, 0, 0]"
,,,,,"[1, 13, 18, 1, 2, 4, 0, 1, 0, 1, 1, 1, 2, 0, 2, 2, 2, 0, 0, 2, 0, 2, 0, 0, 0, 0, 2, 2, 2, 0, 0, 3, 1, 0, 0, 0]"
,,,,,"[0, 23, 15, 3, 5, 8, 3, 3, 2, 4, 3, 6, 4, 4, 4, 5, 3, 3, 5, 4, 4, 4, 0, 2, 5, 4, 4, 5, 6, 1, 5, 5, 4, 3, 0, 0]"
,,,,,"[0, 27, 3, 0, 0, 1, 0, 0, 0, 0, 0, 0, 0, 0, 0, 0, 0, 0, 0, 0, 0, 0, 0, 0, 0, 0, 0, 0, 0, 0, 0, 0, 0, 0, 0, 0]"
,,,,,"[0, 39, 8, 7, 7, 12, 7, 7, 8, 9, 6, 8, 12, 6, 8, 10, 8, 7, 8, 9, 7, 9, 5, 6, 7, 9, 8, 8, 8, 11, 8, 7, 10, 7, 4, 5]"
,,,,,"[0, 25, 13, 4, 4, 6, 5, 2, 5, 4, 1, 6, 4, 3, 5, 5, 3, 3, 4, 4, 2, 5, 4, 0, 4, 5, 4, 4, 7, 1, 5, 4, 4, 4, 0, 0]"
,,,,,"[0, 10, 20, 0, 0, 1, 0, 0, 0, 0, 0, 0, 0, 0, 0, 0, 0, 0, 0, 0, 0, 0, 0, 0, 0, 0, 0, 0, 0, 0, 0, 0, 0, 0, 0, 0]"
,,,,,"[0, 19, 16, 3, 3, 5, 2, 2, 2, 2, 1, 4, 3, 1, 4, 3, 3, 1, 3, 3, 1, 4, 1, 0, 3, 2, 3, 3, 5, 0, 3, 3, 2, 2, 0, 0]"
,,,,,"[0, 39, 8, 7, 8, 13, 7, 7, 6, 9, 4, 10, 10, 7, 6, 11, 6, 8, 6, 10, 7, 10, 5, 6, 7, 10, 7, 10, 9, 8, 7, 9, 9, 7, 1, 6]"
,,,,,"[0, 30, 5, 3, 3, 5, 2, 2, 1, 3, 1, 3, 4, 1, 4, 3, 3, 0, 4, 3, 0, 5, 0, 1, 3, 2, 3, 3, 4, 1, 3, 3, 2, 2, 0, 0]"
,,,,,"[0, 16, 16, 0, 3, 2, 1, 1, 0, 1, 1, 2, 2, 0, 2, 2, 0, 1, 0, 2, 0, 2, 0, 0, 0, 0, 2, 2, 3, 0, 0, 2, 2, 0, 0, 0]"
,,,,,"[1, 9, 14, 7, 4, 3, 0, 1, 0, 2, 0, 2, 1, 0, 3, 2, 0, 0, 1, 2, 0, 1, 1, 0, 0, 0, 1, 3, 2, 0, 1, 2, 1, 0, 1, 0]"
,,,,,"[0, 15, 17, 1, 2, 4, 0, 1, 0, 2, 0, 1, 2, 0, 2, 2, 0, 1, 2, 0, 0, 2, 0, 0, 0, 1, 1, 3, 3, 0, 0, 2, 1, 0, 0, 0]"
,,,,,"[0, 26, 8, 4, 4, 4, 2, 2, 1, 3, 1, 4, 3, 2, 3, 3, 3, 1, 3, 3, 1, 3, 1, 1, 3, 1, 4, 3, 5, 0, 2, 3, 3, 2, 0, 0]"
,,,,,"[0, 19, 11, 0, 0, 1, 0, 0, 0, 0, 0, 0, 0, 0, 0, 0, 0, 0, 0, 0, 0, 0, 0, 0, 0, 0, 0, 0, 0, 0, 0, 0, 0, 0, 0, 0]"
,,,,,"[0, 10, 20, 0, 0, 1, 0, 0, 0, 0, 0, 0, 0, 0, 0, 0, 0, 0, 0, 0, 0, 0, 0, 0, 0, 0, 0, 0, 0, 0, 0, 0, 0, 0, 0, 0]"
,,,,,"[0, 25, 5, 0, 0, 1, 0, 0, 0, 0, 0, 0, 0, 0, 0, 0, 0, 0, 0, 0, 0, 0, 0, 0, 0, 0, 0, 0, 0, 0, 0, 0, 0, 0, 0, 0]"
,,,,,"[0, 19, 9, 0, 0, 0, 0, 0, 0, 0, 0, 0, 0, 0, 0, 0, 0, 0, 0, 0, 0, 0, 0, 0, 0, 0, 0, 0, 0, 0, 0, 0, 0, 0, 0, 0]"
,,,,,"[0, 33, 2, 2, 4, 4, 3, 2, 1, 3, 1, 4, 3, 2, 3, 3, 2, 1, 3, 3, 2, 3, 2, 0, 2, 2, 3, 3, 4, 2, 2, 3, 3, 1, 1, 0]"
,,,,,"[0, 21, 9, 0, 0, 1, 0, 0, 0, 0, 0, 0, 0, 0, 0, 0, 0, 0, 0, 0, 0, 0, 0, 0, 0, 0, 0, 0, 0, 0, 0, 0, 0, 0, 0, 0]"
,,,,,"[0, 18, 19, 5, 6, 6, 3, 3, 3, 5, 1, 6, 4, 4, 4, 5, 4, 3, 4, 4, 4, 3, 3, 1, 4, 5, 4, 4, 6, 2, 4, 4, 5, 3, 1, 1]"
,,,,,"[0, 15, 15, 0, 0, 1, 0, 0, 0, 0, 0, 0, 0, 0, 0, 0, 0, 0, 0, 0, 0, 0, 0, 0, 0, 0, 0, 0, 0, 0, 0, 0, 0, 0, 0, 0]"
,,,,,"[0, 22, 7, 0, 0, 2, 0, 0, 0, 0, 0, 0, 0, 0, 0, 0, 0, 0, 0, 0, 0, 0, 0, 0, 0, 0, 0, 0, 0, 0, 0, 0, 0, 0, 0, 0]"
,,,,,"[0, 24, 7, 2, 3, 3, 0, 1, 0, 2, 0, 1, 2, 0, 2, 2, 1, 1, 0, 2, 0, 1, 1, 0, 0, 0, 2, 2, 2, 0, 1, 2, 1, 0, 0, 0]"
,,,,,"[0, 18, 10, 0, 0, 0, 0, 0, 0, 0, 0, 0, 0, 0, 0, 0, 0, 0, 0, 0, 0, 0, 0, 0, 0, 0, 0, 0, 0, 0, 0, 0, 0, 0, 0, 0]"
,,,,,"[0, 12, 20, 1, 2, 4, 0, 1, 0, 2, 0, 1, 2, 0, 2, 2, 1, 1, 0, 2, 0, 2, 0, 0, 0, 0, 1, 3, 2, 0, 1, 2, 1, 0, 0, 0]"
,,,,,"[0, 32, 3, 3, 3, 3, 3, 3, 1, 3, 0, 4, 3, 2, 3, 4, 2, 1, 3, 3, 1, 4, 1, 1, 3, 1, 3, 3, 5, 1, 2, 3, 3, 1, 1, 0]"
,,,,,"[0, 33, 2, 3, 3, 5, 1, 3, 1, 3, 1, 4, 3, 2, 3, 3, 3, 1, 3, 3, 1, 4, 1, 0, 2, 3, 3, 3, 3, 1, 3, 3, 3, 1, 0, 0]"
,,,,,"[0, 19, 13, 1, 3, 2, 1, 1, 0, 1, 1, 1, 2, 0, 2, 2, 1, 1, 0, 2, 0, 0, 2, 0, 0, 0, 2, 2, 2, 1, 0, 2, 1, 0, 0, 0]"
,,,,,"[1, 24, 10, 2, 3, 5, 2, 2, 1, 4, 0, 4, 3, 2, 3, 3, 4, 0, 3, 3, 0, 5, 1, 0, 3, 2, 3, 3, 3, 3, 1, 4, 3, 1, 1, 0]"
,,,,,"[0, 29, 9, 4, 4, 7, 4, 3, 3, 4, 2, 6, 4, 4, 4, 5, 2, 2, 5, 4, 3, 5, 3, 1, 4, 4, 4, 5, 5, 2, 4, 4, 5, 3, 0, 1]"
,,,,,"[0, 29, 3, 1, 3, 3, 0, 1, 0, 2, 0, 1, 2, 0, 2, 2, 1, 0, 2, 0, 0, 2, 0, 0, 0, 2, 0, 3, 2, 0, 1, 2, 1, 0, 0, 0]"
,,,,,"[0, 26, 8, 3, 3, 4, 2, 3, 0, 4, 0, 5, 3, 1, 4, 3, 3, 0, 4, 2, 1, 4, 0, 1, 3, 2, 4, 3, 2, 2, 3, 3, 3, 0, 0, 0]"
,,,,,"[0, 22, 6, 0, 0, 0, 0, 0, 0, 0, 0, 0, 0, 0, 0, 0, 0, 0, 0, 0, 0, 0, 0, 0, 0, 0, 0, 0, 0, 0, 0, 0, 0, 0, 0, 0]"
,,,,,"[0, 20, 8, 0, 0, 0, 0, 0, 0, 0, 0, 0, 0, 0, 0, 0, 0, 0, 0, 0, 0, 0, 0, 0, 0, 0, 0, 0, 0, 0, 0, 0, 0, 0, 0, 0]"
,,,,,"[0, 16, 11, 1, 0, 0, 0, 0, 0, 0, 0, 0, 0, 0, 0, 0, 0, 0, 0, 0, 0, 0, 0, 0, 0, 0, 0, 0, 0, 0, 0, 0, 0, 0, 0, 0]"
,,,,,"[0, 16, 11, 1, 0, 0, 0, 0, 0, 0, 0, 0, 0, 0, 0, 0, 0, 0, 0, 0, 0, 0, 0, 0, 0, 0, 0, 0, 0, 0, 0, 0, 0, 0, 0, 0]"
,,,,,"[0, 13, 15, 0, 0, 0, 0, 0, 0, 0, 0, 0, 0, 0, 0, 0, 0, 0, 0, 0, 0, 0, 0, 0, 0, 0, 0, 0, 0, 0, 0, 0, 0, 0, 0, 0]"
,,,,,"[0, 27, 5, 1, 2, 4, 0, 1, 0, 2, 0, 1, 2, 0, 2, 2, 0, 1, 0, 2, 0, 2, 0, 0, 0, 0, 2, 2, 2, 1, 0, 2, 2, 0, 0, 0]"
,,,,,"[0, 24, 10, 4, 4, 4, 2, 2, 1, 3, 0, 5, 3, 2, 3, 3, 3, 1, 3, 3, 0, 4, 2, 0, 3, 2, 3, 3, 4, 1, 2, 3, 3, 2, 0, 0]"
,,,,,"[0, 26, 6, 1, 2, 3, 1, 1, 0, 0, 2, 1, 2, 0, 2, 2, 1, 0, 2, 0, 0, 2, 0, 0, 0, 1, 1, 3, 3, 0, 0, 2, 1, 0, 0, 0]"
,,,,,"[0, 25, 13, 4, 4, 8, 2, 4, 2, 5, 1, 7, 4, 4, 4, 4, 5, 3, 4, 4, 3, 5, 2, 1, 4, 4, 5, 4, 7, 1, 4, 4, 5, 3, 1, 0]"
,,,,,"[0, 11, 17, 0, 0, 0, 0, 0, 0, 0, 0, 0, 0, 0, 0, 0, 0, 0, 0, 0, 0, 0, 0, 0, 0, 0, 0, 0, 0, 0, 0, 0, 0, 0, 0, 0]"
,,,,,"[1, 18, 16, 2, 4, 5, 1, 2, 2, 2, 1, 4, 3, 2, 3, 4, 2, 1, 3, 3, 1, 4, 1, 1, 2, 2, 3, 3, 4, 1, 2, 3, 3, 2, 0, 0]"
,,,,,"[0, 22, 13, 3, 2, 4, 3, 3, 0, 3, 1, 5, 2, 1, 5, 3, 3, 0, 3, 3, 1, 3, 1, 0, 3, 2, 3, 3, 3, 1, 3, 3, 3, 1, 0, 0]"
